#
# There is insufficient memory for the Java Runtime Environment to continue.
# Native memory allocation (malloc) failed to allocate 32744 bytes. Error detail: ChunkPool::allocate
# Possible reasons:
#   The system is out of physical RAM or swap space
#   This process is running with CompressedOops enabled, and the Java Heap may be blocking the growth of the native heap
# Possible solutions:
#   Reduce memory load on the system
#   Increase physical memory or swap space
#   Check if swap backing store is full
#   Decrease Java heap size (-Xmx/-Xms)
#   Decrease number of Java threads
#   Decrease Java thread stack sizes (-Xss)
#   Set larger code cache with -XX:ReservedCodeCacheSize=
#   JVM is running with Unscaled Compressed Oops mode in which the Java heap is
#     placed in the first 4GB address space. The Java Heap base address is the
#     maximum limit for the native heap growth. Please use -XX:HeapBaseMinAddress
#     to set the Java Heap base and to place the Java Heap above 4GB virtual address.
# This output file may be truncated or incomplete.
#
#  Out of Memory Error (arena.cpp:79), pid=5088, tid=15968
#
# JRE version: OpenJDK Runtime Environment Temurin-17.0.16+8 (17.0.16+8) (build 17.0.16+8)
# Java VM: OpenJDK 64-Bit Server VM Temurin-17.0.16+8 (17.0.16+8, mixed mode, sharing, tiered, compressed oops, compressed class ptrs, g1 gc, windows-amd64)
# No core dump will be written. Minidumps are not enabled by default on client versions of Windows
#

---------------  S U M M A R Y ------------

Command Line: -Dcom.sun.management.jmxremote -Dcom.sun.management.jmxremote.port=57253 -Dcom.sun.management.jmxremote.authenticate=false -Dcom.sun.management.jmxremote.ssl=false -Dspring.jmx.enabled=true -Djava.rmi.server.hostname=localhost -Dspring.application.admin.enabled=true -Dspring.boot.project.name=Hotel-booking -XX:+ShowCodeDetailsInExceptionMessages -Dmanagement.endpoints.jmx.exposure.include=* com.example.hotel.HotelBookingApplication

Host: 11th Gen Intel(R) Core(TM) i3-1115G4 @ 3.00GHz, 4 cores, 7G,  Windows 11 , 64 bit Build 26100 (10.0.26100.6725)
Time: Tue Oct 28 22:52:05 2025 India Standard Time elapsed time: 1440.686859 seconds (0d 0h 24m 0s)

---------------  T H R E A D  ---------------

Current thread (0x000001c16611e820):  JavaThread "C2 CompilerThread0" daemon [_thread_in_native, id=15968, stack(0x000000081b200000,0x000000081b300000)]


Current CompileTask:
C2:1440687 9119   !   4       java.net.URL::<init> (543 bytes)

Stack: [0x000000081b200000,0x000000081b300000]
Native frames: (J=compiled Java code, j=interpreted, Vv=VM code, C=native code)
V  [jvm.dll+0x683169]
V  [jvm.dll+0x839ac8]
V  [jvm.dll+0x83b573]
V  [jvm.dll+0x83bbe3]
V  [jvm.dll+0x2473ff]
V  [jvm.dll+0xad09c]
V  [jvm.dll+0xad52c]
V  [jvm.dll+0x661c5a]
V  [jvm.dll+0x6a9d18]
V  [jvm.dll+0x59d6f5]
V  [jvm.dll+0x59d4a6]
V  [jvm.dll+0x5899e7]
V  [jvm.dll+0x221182]
V  [jvm.dll+0x219e5b]
V  [jvm.dll+0x21765b]
V  [jvm.dll+0x1a32a0]
V  [jvm.dll+0x227b3c]
V  [jvm.dll+0x225ccb]
V  [jvm.dll+0x7ef2d8]
V  [jvm.dll+0x7e979c]
V  [jvm.dll+0x682047]
C  [ucrtbase.dll+0x37b0]
C  [KERNEL32.DLL+0x2e8d7]
C  [ntdll.dll+0x8c53c]


---------------  P R O C E S S  ---------------

Threads class SMR info:
_java_thread_list=0x000001c16bcff700, length=35, elements={
0x000001c1660fd250, 0x000001c1660fe690, 0x000001c16611b0f0, 0x000001c16611c9d0,
0x000001c16611d2a0, 0x000001c16611db70, 0x000001c16611e820, 0x000001c166126b30,
0x000001c16612e630, 0x000001c1660e7850, 0x000001c1664d0870, 0x000001c166cc24c0,
0x000001c166a2e490, 0x000001c166b16160, 0x000001c166b6d1b0, 0x000001c166b16640,
0x000001c166d20420, 0x000001c166d21350, 0x000001c166d1ead0, 0x000001c166d1efe0,
0x000001c166d1fa00, 0x000001c166a9d300, 0x000001c166a9e740, 0x000001c166a9fb80,
0x000001c166a9c3d0, 0x000001c166a9c8e0, 0x000001c166a9dd20, 0x000001c166aa05a0,
0x000001c166a9cdf0, 0x000001c166aa0090, 0x000001c166aa0ab0, 0x000001c166aa0fc0,
0x000001c166a9e230, 0x000001c166a9ec50, 0x000001c166aa14d0
}

Java Threads: ( => current thread )
  0x000001c1660fd250 JavaThread "Reference Handler" daemon [_thread_blocked, id=4788, stack(0x000000081ac00000,0x000000081ad00000)]
  0x000001c1660fe690 JavaThread "Finalizer" daemon [_thread_blocked, id=11308, stack(0x000000081ad00000,0x000000081ae00000)]
  0x000001c16611b0f0 JavaThread "Signal Dispatcher" daemon [_thread_blocked, id=5896, stack(0x000000081ae00000,0x000000081af00000)]
  0x000001c16611c9d0 JavaThread "Attach Listener" daemon [_thread_blocked, id=13888, stack(0x000000081af00000,0x000000081b000000)]
  0x000001c16611d2a0 JavaThread "Service Thread" daemon [_thread_blocked, id=15400, stack(0x000000081b000000,0x000000081b100000)]
  0x000001c16611db70 JavaThread "Monitor Deflation Thread" daemon [_thread_blocked, id=17520, stack(0x000000081b100000,0x000000081b200000)]
=>0x000001c16611e820 JavaThread "C2 CompilerThread0" daemon [_thread_in_native, id=15968, stack(0x000000081b200000,0x000000081b300000)]
  0x000001c166126b30 JavaThread "C1 CompilerThread0" daemon [_thread_blocked, id=15304, stack(0x000000081b300000,0x000000081b400000)]
  0x000001c16612e630 JavaThread "Sweeper thread" daemon [_thread_blocked, id=16948, stack(0x000000081b400000,0x000000081b500000)]
  0x000001c1660e7850 JavaThread "Common-Cleaner" daemon [_thread_blocked, id=17808, stack(0x000000081b500000,0x000000081b600000)]
  0x000001c1664d0870 JavaThread "Notification Thread" daemon [_thread_blocked, id=16072, stack(0x000000081b600000,0x000000081b700000)]
  0x000001c166cc24c0 JavaThread "RMI TCP Accept-0" daemon [_thread_in_native, id=19252, stack(0x000000081b800000,0x000000081b900000)]
  0x000001c166a2e490 JavaThread "RMI TCP Accept-57253" daemon [_thread_in_native, id=12376, stack(0x000000081b900000,0x000000081ba00000)]
  0x000001c166b16160 JavaThread "RMI TCP Accept-0" daemon [_thread_in_native, id=14832, stack(0x000000081bb00000,0x000000081bc00000)]
  0x000001c166b6d1b0 JavaThread "RMI Scheduler(0)" daemon [_thread_blocked, id=19148, stack(0x000000081bd00000,0x000000081be00000)]
  0x000001c166b16640 JavaThread "RMI TCP Connection(2)-127.0.0.1" daemon [_thread_in_native, id=19968, stack(0x000000081be00000,0x000000081bf00000)]
  0x000001c166d20420 JavaThread "JMX server connection timeout 21" daemon [_thread_blocked, id=16464, stack(0x000000081c300000,0x000000081c400000)]
  0x000001c166d21350 JavaThread "mysql-cj-abandoned-connection-cleanup" daemon [_thread_blocked, id=12740, stack(0x000000081c400000,0x000000081c500000)]
  0x000001c166d1ead0 JavaThread "HikariPool-1:housekeeper" daemon [_thread_blocked, id=17180, stack(0x000000081c500000,0x000000081c600000)]
  0x000001c166d1efe0 JavaThread "Catalina-utility-1" [_thread_blocked, id=17200, stack(0x000000081c700000,0x000000081c800000)]
  0x000001c166d1fa00 JavaThread "Catalina-utility-2" [_thread_blocked, id=3444, stack(0x000000081c800000,0x000000081c900000)]
  0x000001c166a9d300 JavaThread "container-0" [_thread_blocked, id=5856, stack(0x000000081c900000,0x000000081ca00000)]
  0x000001c166a9e740 JavaThread "http-nio-9090-exec-1" daemon [_thread_blocked, id=5420, stack(0x000000081c600000,0x000000081c700000)]
  0x000001c166a9fb80 JavaThread "http-nio-9090-exec-2" daemon [_thread_blocked, id=14728, stack(0x000000081cb00000,0x000000081cc00000)]
  0x000001c166a9c3d0 JavaThread "http-nio-9090-exec-3" daemon [_thread_blocked, id=15524, stack(0x000000081cc00000,0x000000081cd00000)]
  0x000001c166a9c8e0 JavaThread "http-nio-9090-exec-4" daemon [_thread_blocked, id=12432, stack(0x000000081cd00000,0x000000081ce00000)]
  0x000001c166a9dd20 JavaThread "http-nio-9090-exec-5" daemon [_thread_blocked, id=18256, stack(0x000000081ce00000,0x000000081cf00000)]
  0x000001c166aa05a0 JavaThread "http-nio-9090-exec-6" daemon [_thread_blocked, id=17892, stack(0x000000081cf00000,0x000000081d000000)]
  0x000001c166a9cdf0 JavaThread "http-nio-9090-exec-7" daemon [_thread_blocked, id=7772, stack(0x000000081d000000,0x000000081d100000)]
  0x000001c166aa0090 JavaThread "http-nio-9090-exec-8" daemon [_thread_blocked, id=8648, stack(0x000000081d100000,0x000000081d200000)]
  0x000001c166aa0ab0 JavaThread "http-nio-9090-exec-9" daemon [_thread_blocked, id=17044, stack(0x000000081d200000,0x000000081d300000)]
  0x000001c166aa0fc0 JavaThread "http-nio-9090-exec-10" daemon [_thread_blocked, id=20148, stack(0x000000081d300000,0x000000081d400000)]
  0x000001c166a9e230 JavaThread "http-nio-9090-Poller" daemon [_thread_in_native, id=17524, stack(0x000000081d400000,0x000000081d500000)]
  0x000001c166a9ec50 JavaThread "http-nio-9090-Acceptor" daemon [_thread_in_native, id=19548, stack(0x000000081d500000,0x000000081d600000)]
  0x000001c166aa14d0 JavaThread "DestroyJavaVM" [_thread_blocked, id=10992, stack(0x000000081a500000,0x000000081a600000)]

Other Threads:
  0x000001c1660f9e30 VMThread "VM Thread" [stack: 0x000000081ab00000,0x000000081ac00000] [id=4400]
  0x000001c166b00c50 WatcherThread [stack: 0x000000081bc00000,0x000000081bd00000] [id=708]
  0x000001c1468a3de0 GCTaskThread "GC Thread#0" [stack: 0x000000081a600000,0x000000081a700000] [id=1400]
  0x000001c166b16b20 GCTaskThread "GC Thread#1" [stack: 0x000000081bf00000,0x000000081c000000] [id=17824]
  0x000001c166cd8760 GCTaskThread "GC Thread#2" [stack: 0x000000081c000000,0x000000081c100000] [id=6428]
  0x000001c166cdca30 GCTaskThread "GC Thread#3" [stack: 0x000000081c100000,0x000000081c200000] [id=20240]
  0x000001c1468b62e0 ConcurrentGCThread "G1 Main Marker" [stack: 0x000000081a700000,0x000000081a800000] [id=16540]
  0x000001c1468b74a0 ConcurrentGCThread "G1 Conc#0" [stack: 0x000000081a800000,0x000000081a900000] [id=20432]
  0x000001c165fb14f0 ConcurrentGCThread "G1 Refine#0" [stack: 0x000000081a900000,0x000000081aa00000] [id=17784]
  0x000001c166bc4180 ConcurrentGCThread "G1 Refine#1" [stack: 0x000000081c200000,0x000000081c300000] [id=8288]
  0x000001c16bb55830 ConcurrentGCThread "G1 Refine#2" [stack: 0x000000081ca00000,0x000000081cb00000] [id=6416]
  0x000001c165fb7b80 ConcurrentGCThread "G1 Service" [stack: 0x000000081aa00000,0x000000081ab00000] [id=3912]

Threads with active compile tasks:
C2 CompilerThread0  1440731 9119   !   4       java.net.URL::<init> (543 bytes)

VM state: not at safepoint (normal execution)

VM Mutex/Monitor currently owned by a thread: None

Heap address: 0x0000000084000000, size: 1984 MB, Compressed Oops mode: 32-bit

CDS archive(s) mapped at: [0x000001c100000000-0x000001c100bb0000-0x000001c100bb0000), size 12255232, SharedBaseAddress: 0x000001c100000000, ArchiveRelocationMode: 1.
Compressed class space mapped at: 0x000001c101000000-0x000001c141000000, reserved size: 1073741824
Narrow klass base: 0x000001c100000000, Narrow klass shift: 0, Narrow klass range: 0x100000000

GC Precious Log:
 CPUs: 4 total, 4 available
 Memory: 7934M
 Large Page Support: Disabled
 NUMA Support: Disabled
 Compressed Oops: Enabled (32-bit)
 Heap Region Size: 1M
 Heap Min Capacity: 8M
 Heap Initial Capacity: 124M
 Heap Max Capacity: 1984M
 Pre-touch: Disabled
 Parallel Workers: 4
 Concurrent Workers: 1
 Concurrent Refinement Workers: 4
 Periodic GC: Disabled

Heap:
 garbage-first heap   total 376832K, used 157920K [0x0000000084000000, 0x0000000100000000)
  region size 1024K, 60 young (61440K), 8 survivors (8192K)
 Metaspace       used 92387K, committed 93184K, reserved 1179648K
  class space    used 13011K, committed 13376K, reserved 1048576K

Heap Regions: E=young(eden), S=young(survivor), O=old, HS=humongous(starts), HC=humongous(continues), CS=collection set, F=free, OA=open archive, CA=closed archive, TAMS=top-at-mark-start (previous, next)
|   0|0x0000000084000000, 0x0000000084100000, 0x0000000084100000|100%|HS|  |TAMS 0x0000000084100000, 0x0000000084000000| Complete 
|   1|0x0000000084100000, 0x0000000084200000, 0x0000000084200000|100%|HS|  |TAMS 0x0000000084200000, 0x0000000084100000| Complete 
|   2|0x0000000084200000, 0x0000000084300000, 0x0000000084300000|100%| O|  |TAMS 0x0000000084300000, 0x0000000084200000| Untracked 
|   3|0x0000000084300000, 0x0000000084400000, 0x0000000084400000|100%| O|  |TAMS 0x0000000084400000, 0x0000000084300000| Untracked 
|   4|0x0000000084400000, 0x0000000084500000, 0x0000000084500000|100%| O|  |TAMS 0x0000000084500000, 0x0000000084400000| Untracked 
|   5|0x0000000084500000, 0x0000000084600000, 0x0000000084600000|100%| O|  |TAMS 0x0000000084600000, 0x0000000084500000| Untracked 
|   6|0x0000000084600000, 0x0000000084700000, 0x0000000084700000|100%| O|  |TAMS 0x0000000084700000, 0x0000000084600000| Untracked 
|   7|0x0000000084700000, 0x0000000084800000, 0x0000000084800000|100%| O|  |TAMS 0x0000000084800000, 0x0000000084700000| Untracked 
|   8|0x0000000084800000, 0x0000000084900000, 0x0000000084900000|100%| O|  |TAMS 0x0000000084900000, 0x0000000084800000| Untracked 
|   9|0x0000000084900000, 0x0000000084a00000, 0x0000000084a00000|100%| O|  |TAMS 0x0000000084a00000, 0x0000000084900000| Untracked 
|  10|0x0000000084a00000, 0x0000000084b00000, 0x0000000084b00000|100%| O|  |TAMS 0x0000000084b00000, 0x0000000084a00000| Untracked 
|  11|0x0000000084b00000, 0x0000000084c00000, 0x0000000084c00000|100%| O|  |TAMS 0x0000000084c00000, 0x0000000084b00000| Untracked 
|  12|0x0000000084c00000, 0x0000000084d00000, 0x0000000084d00000|100%| O|  |TAMS 0x0000000084d00000, 0x0000000084c00000| Untracked 
|  13|0x0000000084d00000, 0x0000000084e00000, 0x0000000084e00000|100%| O|  |TAMS 0x0000000084e00000, 0x0000000084d00000| Untracked 
|  14|0x0000000084e00000, 0x0000000084f00000, 0x0000000084f00000|100%| O|  |TAMS 0x0000000084f00000, 0x0000000084e00000| Untracked 
|  15|0x0000000084f00000, 0x0000000085000000, 0x0000000085000000|100%| O|  |TAMS 0x0000000085000000, 0x0000000084f00000| Untracked 
|  16|0x0000000085000000, 0x0000000085100000, 0x0000000085100000|100%| O|  |TAMS 0x0000000085100000, 0x0000000085000000| Untracked 
|  17|0x0000000085100000, 0x0000000085200000, 0x0000000085200000|100%| O|  |TAMS 0x0000000085200000, 0x0000000085100000| Untracked 
|  18|0x0000000085200000, 0x0000000085300000, 0x0000000085300000|100%| O|  |TAMS 0x0000000085300000, 0x0000000085200000| Untracked 
|  19|0x0000000085300000, 0x0000000085400000, 0x0000000085400000|100%| O|  |TAMS 0x0000000085400000, 0x0000000085300000| Untracked 
|  20|0x0000000085400000, 0x0000000085500000, 0x0000000085500000|100%| O|  |TAMS 0x0000000085500000, 0x0000000085400000| Untracked 
|  21|0x0000000085500000, 0x0000000085600000, 0x0000000085600000|100%| O|  |TAMS 0x0000000085600000, 0x0000000085500000| Untracked 
|  22|0x0000000085600000, 0x0000000085700000, 0x0000000085700000|100%| O|  |TAMS 0x0000000085700000, 0x0000000085600000| Untracked 
|  23|0x0000000085700000, 0x0000000085800000, 0x0000000085800000|100%| O|  |TAMS 0x0000000085800000, 0x0000000085700000| Untracked 
|  24|0x0000000085800000, 0x0000000085900000, 0x0000000085900000|100%| O|  |TAMS 0x0000000085900000, 0x0000000085800000| Untracked 
|  25|0x0000000085900000, 0x0000000085a00000, 0x0000000085a00000|100%| O|  |TAMS 0x0000000085a00000, 0x0000000085900000| Untracked 
|  26|0x0000000085a00000, 0x0000000085b00000, 0x0000000085b00000|100%| O|  |TAMS 0x0000000085b00000, 0x0000000085a00000| Untracked 
|  27|0x0000000085b00000, 0x0000000085c00000, 0x0000000085c00000|100%| O|  |TAMS 0x0000000085c00000, 0x0000000085b00000| Untracked 
|  28|0x0000000085c00000, 0x0000000085d00000, 0x0000000085d00000|100%| O|  |TAMS 0x0000000085d00000, 0x0000000085c00000| Untracked 
|  29|0x0000000085d00000, 0x0000000085e00000, 0x0000000085e00000|100%| O|  |TAMS 0x0000000085e00000, 0x0000000085d00000| Untracked 
|  30|0x0000000085e00000, 0x0000000085f00000, 0x0000000085f00000|100%| O|  |TAMS 0x0000000085f00000, 0x0000000085e00000| Untracked 
|  31|0x0000000085f00000, 0x0000000086000000, 0x0000000086000000|100%| O|  |TAMS 0x0000000086000000, 0x0000000085f00000| Untracked 
|  32|0x0000000086000000, 0x0000000086000000, 0x0000000086100000|  0%| F|  |TAMS 0x0000000086000000, 0x0000000086000000| Untracked 
|  33|0x0000000086100000, 0x0000000086100000, 0x0000000086200000|  0%| F|  |TAMS 0x0000000086100000, 0x0000000086100000| Untracked 
|  34|0x0000000086200000, 0x0000000086200000, 0x0000000086300000|  0%| F|  |TAMS 0x0000000086200000, 0x0000000086200000| Untracked 
|  35|0x0000000086300000, 0x0000000086400000, 0x0000000086400000|100%| O|  |TAMS 0x0000000086400000, 0x0000000086300000| Untracked 
|  36|0x0000000086400000, 0x0000000086500000, 0x0000000086500000|100%| O|  |TAMS 0x0000000086500000, 0x0000000086400000| Untracked 
|  37|0x0000000086500000, 0x0000000086500000, 0x0000000086600000|  0%| F|  |TAMS 0x0000000086500000, 0x0000000086500000| Untracked 
|  38|0x0000000086600000, 0x0000000086700000, 0x0000000086700000|100%| O|  |TAMS 0x0000000086700000, 0x0000000086600000| Untracked 
|  39|0x0000000086700000, 0x0000000086700000, 0x0000000086800000|  0%| F|  |TAMS 0x0000000086700000, 0x0000000086700000| Untracked 
|  40|0x0000000086800000, 0x0000000086900000, 0x0000000086900000|100%| O|  |TAMS 0x0000000086900000, 0x0000000086800000| Untracked 
|  41|0x0000000086900000, 0x0000000086a00000, 0x0000000086a00000|100%| O|  |TAMS 0x0000000086900000, 0x0000000086900000| Untracked 
|  42|0x0000000086a00000, 0x0000000086a00000, 0x0000000086b00000|  0%| F|  |TAMS 0x0000000086a00000, 0x0000000086a00000| Untracked 
|  43|0x0000000086b00000, 0x0000000086b00000, 0x0000000086c00000|  0%| F|  |TAMS 0x0000000086b00000, 0x0000000086b00000| Untracked 
|  44|0x0000000086c00000, 0x0000000086c00000, 0x0000000086d00000|  0%| F|  |TAMS 0x0000000086c00000, 0x0000000086c00000| Untracked 
|  45|0x0000000086d00000, 0x0000000086e00000, 0x0000000086e00000|100%| O|  |TAMS 0x0000000086e00000, 0x0000000086d00000| Untracked 
|  46|0x0000000086e00000, 0x0000000086f00000, 0x0000000086f00000|100%| O|  |TAMS 0x0000000086f00000, 0x0000000086e00000| Untracked 
|  47|0x0000000086f00000, 0x0000000087000000, 0x0000000087000000|100%| O|  |TAMS 0x0000000087000000, 0x0000000086f00000| Untracked 
|  48|0x0000000087000000, 0x0000000087000000, 0x0000000087100000|  0%| F|  |TAMS 0x0000000087000000, 0x0000000087000000| Untracked 
|  49|0x0000000087100000, 0x0000000087100000, 0x0000000087200000|  0%| F|  |TAMS 0x0000000087100000, 0x0000000087100000| Untracked 
|  50|0x0000000087200000, 0x0000000087200000, 0x0000000087300000|  0%| F|  |TAMS 0x0000000087200000, 0x0000000087200000| Untracked 
|  51|0x0000000087300000, 0x0000000087300000, 0x0000000087400000|  0%| F|  |TAMS 0x0000000087300000, 0x0000000087300000| Untracked 
|  52|0x0000000087400000, 0x0000000087400000, 0x0000000087500000|  0%| F|  |TAMS 0x0000000087400000, 0x0000000087400000| Untracked 
|  53|0x0000000087500000, 0x0000000087600000, 0x0000000087600000|100%| O|  |TAMS 0x0000000087600000, 0x0000000087500000| Untracked 
|  54|0x0000000087600000, 0x0000000087700000, 0x0000000087700000|100%| O|  |TAMS 0x0000000087700000, 0x0000000087600000| Untracked 
|  55|0x0000000087700000, 0x0000000087800000, 0x0000000087800000|100%| O|  |TAMS 0x0000000087800000, 0x0000000087700000| Untracked 
|  56|0x0000000087800000, 0x0000000087900000, 0x0000000087900000|100%| O|  |TAMS 0x0000000087900000, 0x0000000087800000| Untracked 
|  57|0x0000000087900000, 0x0000000087a00000, 0x0000000087a00000|100%| O|  |TAMS 0x0000000087a00000, 0x0000000087900000| Untracked 
|  58|0x0000000087a00000, 0x0000000087b00000, 0x0000000087b00000|100%| O|  |TAMS 0x0000000087b00000, 0x0000000087a00000| Untracked 
|  59|0x0000000087b00000, 0x0000000087c00000, 0x0000000087c00000|100%| O|  |TAMS 0x0000000087c00000, 0x0000000087b00000| Untracked 
|  60|0x0000000087c00000, 0x0000000087d00000, 0x0000000087d00000|100%| O|  |TAMS 0x0000000087d00000, 0x0000000087c00000| Untracked 
|  61|0x0000000087d00000, 0x0000000087e00000, 0x0000000087e00000|100%| O|  |TAMS 0x0000000087e00000, 0x0000000087d00000| Untracked 
|  62|0x0000000087e00000, 0x0000000087f00000, 0x0000000087f00000|100%| O|  |TAMS 0x0000000087f00000, 0x0000000087e00000| Untracked 
|  63|0x0000000087f00000, 0x0000000088000000, 0x0000000088000000|100%| O|  |TAMS 0x0000000088000000, 0x0000000087f00000| Untracked 
|  64|0x0000000088000000, 0x0000000088100000, 0x0000000088100000|100%| O|  |TAMS 0x0000000088100000, 0x0000000088000000| Untracked 
|  65|0x0000000088100000, 0x0000000088200000, 0x0000000088200000|100%| O|  |TAMS 0x0000000088200000, 0x0000000088100000| Untracked 
|  66|0x0000000088200000, 0x0000000088300000, 0x0000000088300000|100%| O|  |TAMS 0x0000000088300000, 0x0000000088200000| Untracked 
|  67|0x0000000088300000, 0x0000000088400000, 0x0000000088400000|100%| O|  |TAMS 0x0000000088400000, 0x0000000088300000| Untracked 
|  68|0x0000000088400000, 0x0000000088500000, 0x0000000088500000|100%| O|  |TAMS 0x0000000088500000, 0x0000000088400000| Untracked 
|  69|0x0000000088500000, 0x0000000088600000, 0x0000000088600000|100%| O|  |TAMS 0x0000000088500000, 0x0000000088500000| Untracked 
|  70|0x0000000088600000, 0x0000000088700000, 0x0000000088700000|100%| O|  |TAMS 0x0000000088600000, 0x0000000088600000| Untracked 
|  71|0x0000000088700000, 0x0000000088800000, 0x0000000088800000|100%| O|  |TAMS 0x0000000088700000, 0x0000000088700000| Untracked 
|  72|0x0000000088800000, 0x0000000088900000, 0x0000000088900000|100%| O|  |TAMS 0x0000000088900000, 0x0000000088800000| Untracked 
|  73|0x0000000088900000, 0x0000000088a00000, 0x0000000088a00000|100%| O|  |TAMS 0x0000000088a00000, 0x0000000088900000| Untracked 
|  74|0x0000000088a00000, 0x0000000088b00000, 0x0000000088b00000|100%| O|  |TAMS 0x0000000088b00000, 0x0000000088a00000| Untracked 
|  75|0x0000000088b00000, 0x0000000088c00000, 0x0000000088c00000|100%| O|  |TAMS 0x0000000088c00000, 0x0000000088b00000| Untracked 
|  76|0x0000000088c00000, 0x0000000088d00000, 0x0000000088d00000|100%| O|  |TAMS 0x0000000088d00000, 0x0000000088c00000| Untracked 
|  77|0x0000000088d00000, 0x0000000088e00000, 0x0000000088e00000|100%| O|  |TAMS 0x0000000088e00000, 0x0000000088d00000| Untracked 
|  78|0x0000000088e00000, 0x0000000088f00000, 0x0000000088f00000|100%| O|  |TAMS 0x0000000088f00000, 0x0000000088e00000| Untracked 
|  79|0x0000000088f00000, 0x0000000089000000, 0x0000000089000000|100%| O|  |TAMS 0x0000000089000000, 0x0000000088f00000| Untracked 
|  80|0x0000000089000000, 0x0000000089100000, 0x0000000089100000|100%| O|  |TAMS 0x0000000089100000, 0x0000000089000000| Untracked 
|  81|0x0000000089100000, 0x0000000089200000, 0x0000000089200000|100%| O|  |TAMS 0x0000000089200000, 0x0000000089100000| Untracked 
|  82|0x0000000089200000, 0x0000000089300000, 0x0000000089300000|100%| O|  |TAMS 0x0000000089300000, 0x0000000089200000| Untracked 
|  83|0x0000000089300000, 0x0000000089400000, 0x0000000089400000|100%| O|  |TAMS 0x0000000089400000, 0x0000000089300000| Untracked 
|  84|0x0000000089400000, 0x0000000089500000, 0x0000000089500000|100%| O|  |TAMS 0x0000000089500000, 0x0000000089400000| Untracked 
|  85|0x0000000089500000, 0x0000000089600000, 0x0000000089600000|100%| O|  |TAMS 0x0000000089600000, 0x0000000089500000| Untracked 
|  86|0x0000000089600000, 0x0000000089700000, 0x0000000089700000|100%| O|  |TAMS 0x0000000089700000, 0x0000000089600000| Untracked 
|  87|0x0000000089700000, 0x0000000089800000, 0x0000000089800000|100%| O|  |TAMS 0x0000000089800000, 0x0000000089700000| Untracked 
|  88|0x0000000089800000, 0x0000000089900000, 0x0000000089900000|100%| O|  |TAMS 0x00000000898e9600, 0x0000000089800000| Untracked 
|  89|0x0000000089900000, 0x0000000089a00000, 0x0000000089a00000|100%| O|  |TAMS 0x0000000089900000, 0x0000000089900000| Untracked 
|  90|0x0000000089a00000, 0x0000000089b00000, 0x0000000089b00000|100%| O|  |TAMS 0x0000000089a00000, 0x0000000089a00000| Untracked 
|  91|0x0000000089b00000, 0x0000000089c00000, 0x0000000089c00000|100%| O|  |TAMS 0x0000000089b00000, 0x0000000089b00000| Untracked 
|  92|0x0000000089c00000, 0x0000000089d00000, 0x0000000089d00000|100%| O|  |TAMS 0x0000000089c00000, 0x0000000089c00000| Untracked 
|  93|0x0000000089d00000, 0x0000000089e00000, 0x0000000089e00000|100%| O|  |TAMS 0x0000000089d00000, 0x0000000089d00000| Untracked 
|  94|0x0000000089e00000, 0x0000000089f00000, 0x0000000089f00000|100%| O|  |TAMS 0x0000000089e00000, 0x0000000089e00000| Untracked 
|  95|0x0000000089f00000, 0x000000008a000000, 0x000000008a000000|100%| O|  |TAMS 0x0000000089f00000, 0x0000000089f00000| Untracked 
|  96|0x000000008a000000, 0x000000008a100000, 0x000000008a100000|100%| O|  |TAMS 0x000000008a000000, 0x000000008a000000| Untracked 
|  97|0x000000008a100000, 0x000000008a200000, 0x000000008a200000|100%| O|  |TAMS 0x000000008a100000, 0x000000008a100000| Untracked 
|  98|0x000000008a200000, 0x000000008a300000, 0x000000008a300000|100%| O|  |TAMS 0x000000008a200000, 0x000000008a200000| Untracked 
|  99|0x000000008a300000, 0x000000008a400000, 0x000000008a400000|100%| O|  |TAMS 0x000000008a300000, 0x000000008a300000| Untracked 
| 100|0x000000008a400000, 0x000000008a500000, 0x000000008a500000|100%| O|  |TAMS 0x000000008a400000, 0x000000008a400000| Untracked 
| 101|0x000000008a500000, 0x000000008a600000, 0x000000008a600000|100%| O|  |TAMS 0x000000008a500000, 0x000000008a500000| Untracked 
| 102|0x000000008a600000, 0x000000008a700000, 0x000000008a700000|100%| O|  |TAMS 0x000000008a600000, 0x000000008a600000| Untracked 
| 103|0x000000008a700000, 0x000000008a800000, 0x000000008a800000|100%| O|  |TAMS 0x000000008a700000, 0x000000008a700000| Untracked 
| 104|0x000000008a800000, 0x000000008a900000, 0x000000008a900000|100%| O|  |TAMS 0x000000008a800000, 0x000000008a800000| Untracked 
| 105|0x000000008a900000, 0x000000008aa00000, 0x000000008aa00000|100%| O|  |TAMS 0x000000008a900000, 0x000000008a900000| Untracked 
| 106|0x000000008aa00000, 0x000000008ab00000, 0x000000008ab00000|100%| O|  |TAMS 0x000000008aa00000, 0x000000008aa00000| Untracked 
| 107|0x000000008ab00000, 0x000000008ab72800, 0x000000008ac00000| 44%| O|  |TAMS 0x000000008ab00000, 0x000000008ab00000| Untracked 
| 108|0x000000008ac00000, 0x000000008ac00000, 0x000000008ad00000|  0%| F|  |TAMS 0x000000008ac00000, 0x000000008ac00000| Untracked 
| 109|0x000000008ad00000, 0x000000008ad00000, 0x000000008ae00000|  0%| F|  |TAMS 0x000000008ad00000, 0x000000008ad00000| Untracked 
| 110|0x000000008ae00000, 0x000000008ae00000, 0x000000008af00000|  0%| F|  |TAMS 0x000000008ae00000, 0x000000008ae00000| Untracked 
| 111|0x000000008af00000, 0x000000008af00000, 0x000000008b000000|  0%| F|  |TAMS 0x000000008af00000, 0x000000008af00000| Untracked 
| 112|0x000000008b000000, 0x000000008b000000, 0x000000008b100000|  0%| F|  |TAMS 0x000000008b000000, 0x000000008b000000| Untracked 
| 113|0x000000008b100000, 0x000000008b100000, 0x000000008b200000|  0%| F|  |TAMS 0x000000008b100000, 0x000000008b100000| Untracked 
| 114|0x000000008b200000, 0x000000008b200000, 0x000000008b300000|  0%| F|  |TAMS 0x000000008b200000, 0x000000008b200000| Untracked 
| 115|0x000000008b300000, 0x000000008b300000, 0x000000008b400000|  0%| F|  |TAMS 0x000000008b300000, 0x000000008b300000| Untracked 
| 116|0x000000008b400000, 0x000000008b400000, 0x000000008b500000|  0%| F|  |TAMS 0x000000008b400000, 0x000000008b400000| Untracked 
| 117|0x000000008b500000, 0x000000008b500000, 0x000000008b600000|  0%| F|  |TAMS 0x000000008b500000, 0x000000008b500000| Untracked 
| 118|0x000000008b600000, 0x000000008b600000, 0x000000008b700000|  0%| F|  |TAMS 0x000000008b600000, 0x000000008b600000| Untracked 
| 119|0x000000008b700000, 0x000000008b700000, 0x000000008b800000|  0%| F|  |TAMS 0x000000008b700000, 0x000000008b700000| Untracked 
| 120|0x000000008b800000, 0x000000008b800000, 0x000000008b900000|  0%| F|  |TAMS 0x000000008b800000, 0x000000008b800000| Untracked 
| 121|0x000000008b900000, 0x000000008b900000, 0x000000008ba00000|  0%| F|  |TAMS 0x000000008b900000, 0x000000008b900000| Untracked 
| 122|0x000000008ba00000, 0x000000008ba00000, 0x000000008bb00000|  0%| F|  |TAMS 0x000000008ba00000, 0x000000008ba00000| Untracked 
| 123|0x000000008bb00000, 0x000000008bb00000, 0x000000008bc00000|  0%| F|  |TAMS 0x000000008bb00000, 0x000000008bb00000| Untracked 
| 124|0x000000008bc00000, 0x000000008bc00000, 0x000000008bd00000|  0%| F|  |TAMS 0x000000008bc00000, 0x000000008bc00000| Untracked 
| 125|0x000000008bd00000, 0x000000008bd00000, 0x000000008be00000|  0%| F|  |TAMS 0x000000008bd00000, 0x000000008bd00000| Untracked 
| 126|0x000000008be00000, 0x000000008be00000, 0x000000008bf00000|  0%| F|  |TAMS 0x000000008be00000, 0x000000008be00000| Untracked 
| 127|0x000000008bf00000, 0x000000008bf00000, 0x000000008c000000|  0%| F|  |TAMS 0x000000008bf00000, 0x000000008bf00000| Untracked 
| 128|0x000000008c000000, 0x000000008c000000, 0x000000008c100000|  0%| F|  |TAMS 0x000000008c000000, 0x000000008c000000| Untracked 
| 129|0x000000008c100000, 0x000000008c100000, 0x000000008c200000|  0%| F|  |TAMS 0x000000008c100000, 0x000000008c100000| Untracked 
| 130|0x000000008c200000, 0x000000008c200000, 0x000000008c300000|  0%| F|  |TAMS 0x000000008c200000, 0x000000008c200000| Untracked 
| 131|0x000000008c300000, 0x000000008c300000, 0x000000008c400000|  0%| F|  |TAMS 0x000000008c300000, 0x000000008c300000| Untracked 
| 132|0x000000008c400000, 0x000000008c400000, 0x000000008c500000|  0%| F|  |TAMS 0x000000008c400000, 0x000000008c400000| Untracked 
| 133|0x000000008c500000, 0x000000008c500000, 0x000000008c600000|  0%| F|  |TAMS 0x000000008c500000, 0x000000008c500000| Untracked 
| 134|0x000000008c600000, 0x000000008c600000, 0x000000008c700000|  0%| F|  |TAMS 0x000000008c600000, 0x000000008c600000| Untracked 
| 135|0x000000008c700000, 0x000000008c700000, 0x000000008c800000|  0%| F|  |TAMS 0x000000008c700000, 0x000000008c700000| Untracked 
| 136|0x000000008c800000, 0x000000008c800000, 0x000000008c900000|  0%| F|  |TAMS 0x000000008c800000, 0x000000008c800000| Untracked 
| 137|0x000000008c900000, 0x000000008c900000, 0x000000008ca00000|  0%| F|  |TAMS 0x000000008c900000, 0x000000008c900000| Untracked 
| 138|0x000000008ca00000, 0x000000008ca00000, 0x000000008cb00000|  0%| F|  |TAMS 0x000000008ca00000, 0x000000008ca00000| Untracked 
| 139|0x000000008cb00000, 0x000000008cb00000, 0x000000008cc00000|  0%| F|  |TAMS 0x000000008cb00000, 0x000000008cb00000| Untracked 
| 140|0x000000008cc00000, 0x000000008cc00000, 0x000000008cd00000|  0%| F|  |TAMS 0x000000008cc00000, 0x000000008cc00000| Untracked 
| 141|0x000000008cd00000, 0x000000008cd00000, 0x000000008ce00000|  0%| F|  |TAMS 0x000000008cd00000, 0x000000008cd00000| Untracked 
| 142|0x000000008ce00000, 0x000000008ce00000, 0x000000008cf00000|  0%| F|  |TAMS 0x000000008ce00000, 0x000000008ce00000| Untracked 
| 143|0x000000008cf00000, 0x000000008cf00000, 0x000000008d000000|  0%| F|  |TAMS 0x000000008cf00000, 0x000000008cf00000| Untracked 
| 144|0x000000008d000000, 0x000000008d000000, 0x000000008d100000|  0%| F|  |TAMS 0x000000008d000000, 0x000000008d000000| Untracked 
| 145|0x000000008d100000, 0x000000008d100000, 0x000000008d200000|  0%| F|  |TAMS 0x000000008d100000, 0x000000008d100000| Untracked 
| 146|0x000000008d200000, 0x000000008d200000, 0x000000008d300000|  0%| F|  |TAMS 0x000000008d200000, 0x000000008d200000| Untracked 
| 147|0x000000008d300000, 0x000000008d300000, 0x000000008d400000|  0%| F|  |TAMS 0x000000008d300000, 0x000000008d300000| Untracked 
| 148|0x000000008d400000, 0x000000008d400000, 0x000000008d500000|  0%| F|  |TAMS 0x000000008d400000, 0x000000008d400000| Untracked 
| 149|0x000000008d500000, 0x000000008d500000, 0x000000008d600000|  0%| F|  |TAMS 0x000000008d500000, 0x000000008d500000| Untracked 
| 150|0x000000008d600000, 0x000000008d600000, 0x000000008d700000|  0%| F|  |TAMS 0x000000008d600000, 0x000000008d600000| Untracked 
| 151|0x000000008d700000, 0x000000008d700000, 0x000000008d800000|  0%| F|  |TAMS 0x000000008d700000, 0x000000008d700000| Untracked 
| 152|0x000000008d800000, 0x000000008d800000, 0x000000008d900000|  0%| F|  |TAMS 0x000000008d800000, 0x000000008d800000| Untracked 
| 153|0x000000008d900000, 0x000000008d900000, 0x000000008da00000|  0%| F|  |TAMS 0x000000008d900000, 0x000000008d900000| Untracked 
| 154|0x000000008da00000, 0x000000008da00000, 0x000000008db00000|  0%| F|  |TAMS 0x000000008da00000, 0x000000008da00000| Untracked 
| 155|0x000000008db00000, 0x000000008db00000, 0x000000008dc00000|  0%| F|  |TAMS 0x000000008db00000, 0x000000008db00000| Untracked 
| 156|0x000000008dc00000, 0x000000008dc00000, 0x000000008dd00000|  0%| F|  |TAMS 0x000000008dc00000, 0x000000008dc00000| Untracked 
| 157|0x000000008dd00000, 0x000000008dd00000, 0x000000008de00000|  0%| F|  |TAMS 0x000000008dd00000, 0x000000008dd00000| Untracked 
| 158|0x000000008de00000, 0x000000008de00000, 0x000000008df00000|  0%| F|  |TAMS 0x000000008de00000, 0x000000008de00000| Untracked 
| 159|0x000000008df00000, 0x000000008df00000, 0x000000008e000000|  0%| F|  |TAMS 0x000000008df00000, 0x000000008df00000| Untracked 
| 160|0x000000008e000000, 0x000000008e000000, 0x000000008e100000|  0%| F|  |TAMS 0x000000008e000000, 0x000000008e000000| Untracked 
| 161|0x000000008e100000, 0x000000008e100000, 0x000000008e200000|  0%| F|  |TAMS 0x000000008e100000, 0x000000008e100000| Untracked 
| 162|0x000000008e200000, 0x000000008e200000, 0x000000008e300000|  0%| F|  |TAMS 0x000000008e200000, 0x000000008e200000| Untracked 
| 163|0x000000008e300000, 0x000000008e300000, 0x000000008e400000|  0%| F|  |TAMS 0x000000008e300000, 0x000000008e300000| Untracked 
| 164|0x000000008e400000, 0x000000008e400000, 0x000000008e500000|  0%| F|  |TAMS 0x000000008e400000, 0x000000008e400000| Untracked 
| 165|0x000000008e500000, 0x000000008e500000, 0x000000008e600000|  0%| F|  |TAMS 0x000000008e500000, 0x000000008e500000| Untracked 
| 166|0x000000008e600000, 0x000000008e600000, 0x000000008e700000|  0%| F|  |TAMS 0x000000008e600000, 0x000000008e600000| Untracked 
| 167|0x000000008e700000, 0x000000008e700000, 0x000000008e800000|  0%| F|  |TAMS 0x000000008e700000, 0x000000008e700000| Untracked 
| 168|0x000000008e800000, 0x000000008e800000, 0x000000008e900000|  0%| F|  |TAMS 0x000000008e800000, 0x000000008e800000| Untracked 
| 169|0x000000008e900000, 0x000000008e900000, 0x000000008ea00000|  0%| F|  |TAMS 0x000000008e900000, 0x000000008e900000| Untracked 
| 170|0x000000008ea00000, 0x000000008ea00000, 0x000000008eb00000|  0%| F|  |TAMS 0x000000008ea00000, 0x000000008ea00000| Untracked 
| 171|0x000000008eb00000, 0x000000008eb00000, 0x000000008ec00000|  0%| F|  |TAMS 0x000000008eb00000, 0x000000008eb00000| Untracked 
| 172|0x000000008ec00000, 0x000000008ec00000, 0x000000008ed00000|  0%| F|  |TAMS 0x000000008ec00000, 0x000000008ec00000| Untracked 
| 173|0x000000008ed00000, 0x000000008ed00000, 0x000000008ee00000|  0%| F|  |TAMS 0x000000008ed00000, 0x000000008ed00000| Untracked 
| 174|0x000000008ee00000, 0x000000008ee00000, 0x000000008ef00000|  0%| F|  |TAMS 0x000000008ee00000, 0x000000008ee00000| Untracked 
| 175|0x000000008ef00000, 0x000000008ef00000, 0x000000008f000000|  0%| F|  |TAMS 0x000000008ef00000, 0x000000008ef00000| Untracked 
| 176|0x000000008f000000, 0x000000008f000000, 0x000000008f100000|  0%| F|  |TAMS 0x000000008f000000, 0x000000008f000000| Untracked 
| 177|0x000000008f100000, 0x000000008f100000, 0x000000008f200000|  0%| F|  |TAMS 0x000000008f100000, 0x000000008f100000| Untracked 
| 178|0x000000008f200000, 0x000000008f200000, 0x000000008f300000|  0%| F|  |TAMS 0x000000008f200000, 0x000000008f200000| Untracked 
| 179|0x000000008f300000, 0x000000008f300000, 0x000000008f400000|  0%| F|  |TAMS 0x000000008f300000, 0x000000008f300000| Untracked 
| 180|0x000000008f400000, 0x000000008f400000, 0x000000008f500000|  0%| F|  |TAMS 0x000000008f400000, 0x000000008f400000| Untracked 
| 181|0x000000008f500000, 0x000000008f500000, 0x000000008f600000|  0%| F|  |TAMS 0x000000008f500000, 0x000000008f500000| Untracked 
| 182|0x000000008f600000, 0x000000008f600000, 0x000000008f700000|  0%| F|  |TAMS 0x000000008f600000, 0x000000008f600000| Untracked 
| 183|0x000000008f700000, 0x000000008f700000, 0x000000008f800000|  0%| F|  |TAMS 0x000000008f700000, 0x000000008f700000| Untracked 
| 184|0x000000008f800000, 0x000000008f800000, 0x000000008f900000|  0%| F|  |TAMS 0x000000008f800000, 0x000000008f800000| Untracked 
| 185|0x000000008f900000, 0x000000008f900000, 0x000000008fa00000|  0%| F|  |TAMS 0x000000008f900000, 0x000000008f900000| Untracked 
| 186|0x000000008fa00000, 0x000000008fa00000, 0x000000008fb00000|  0%| F|  |TAMS 0x000000008fa00000, 0x000000008fa00000| Untracked 
| 187|0x000000008fb00000, 0x000000008fb00000, 0x000000008fc00000|  0%| F|  |TAMS 0x000000008fb00000, 0x000000008fb00000| Untracked 
| 188|0x000000008fc00000, 0x000000008fc00000, 0x000000008fd00000|  0%| F|  |TAMS 0x000000008fc00000, 0x000000008fc00000| Untracked 
| 189|0x000000008fd00000, 0x000000008fd00000, 0x000000008fe00000|  0%| F|  |TAMS 0x000000008fd00000, 0x000000008fd00000| Untracked 
| 190|0x000000008fe00000, 0x000000008fe00000, 0x000000008ff00000|  0%| F|  |TAMS 0x000000008fe00000, 0x000000008fe00000| Untracked 
| 191|0x000000008ff00000, 0x000000008ff00000, 0x0000000090000000|  0%| F|  |TAMS 0x000000008ff00000, 0x000000008ff00000| Untracked 
| 192|0x0000000090000000, 0x0000000090000000, 0x0000000090100000|  0%| F|  |TAMS 0x0000000090000000, 0x0000000090000000| Untracked 
| 193|0x0000000090100000, 0x0000000090100000, 0x0000000090200000|  0%| F|  |TAMS 0x0000000090100000, 0x0000000090100000| Untracked 
| 194|0x0000000090200000, 0x0000000090200000, 0x0000000090300000|  0%| F|  |TAMS 0x0000000090200000, 0x0000000090200000| Untracked 
| 195|0x0000000090300000, 0x0000000090300000, 0x0000000090400000|  0%| F|  |TAMS 0x0000000090300000, 0x0000000090300000| Untracked 
| 196|0x0000000090400000, 0x0000000090400000, 0x0000000090500000|  0%| F|  |TAMS 0x0000000090400000, 0x0000000090400000| Untracked 
| 197|0x0000000090500000, 0x0000000090500000, 0x0000000090600000|  0%| F|  |TAMS 0x0000000090500000, 0x0000000090500000| Untracked 
| 198|0x0000000090600000, 0x0000000090600000, 0x0000000090700000|  0%| F|  |TAMS 0x0000000090600000, 0x0000000090600000| Untracked 
| 199|0x0000000090700000, 0x0000000090700000, 0x0000000090800000|  0%| F|  |TAMS 0x0000000090700000, 0x0000000090700000| Untracked 
| 200|0x0000000090800000, 0x0000000090800000, 0x0000000090900000|  0%| F|  |TAMS 0x0000000090800000, 0x0000000090800000| Untracked 
| 201|0x0000000090900000, 0x0000000090900000, 0x0000000090a00000|  0%| F|  |TAMS 0x0000000090900000, 0x0000000090900000| Untracked 
| 202|0x0000000090a00000, 0x0000000090a00000, 0x0000000090b00000|  0%| F|  |TAMS 0x0000000090a00000, 0x0000000090a00000| Untracked 
| 203|0x0000000090b00000, 0x0000000090b00000, 0x0000000090c00000|  0%| F|  |TAMS 0x0000000090b00000, 0x0000000090b00000| Untracked 
| 204|0x0000000090c00000, 0x0000000090c00000, 0x0000000090d00000|  0%| F|  |TAMS 0x0000000090c00000, 0x0000000090c00000| Untracked 
| 205|0x0000000090d00000, 0x0000000090d00000, 0x0000000090e00000|  0%| F|  |TAMS 0x0000000090d00000, 0x0000000090d00000| Untracked 
| 206|0x0000000090e00000, 0x0000000090e00000, 0x0000000090f00000|  0%| F|  |TAMS 0x0000000090e00000, 0x0000000090e00000| Untracked 
| 207|0x0000000090f00000, 0x0000000090f00000, 0x0000000091000000|  0%| F|  |TAMS 0x0000000090f00000, 0x0000000090f00000| Untracked 
| 208|0x0000000091000000, 0x0000000091000000, 0x0000000091100000|  0%| F|  |TAMS 0x0000000091000000, 0x0000000091000000| Untracked 
| 209|0x0000000091100000, 0x0000000091100000, 0x0000000091200000|  0%| F|  |TAMS 0x0000000091100000, 0x0000000091100000| Untracked 
| 210|0x0000000091200000, 0x0000000091200000, 0x0000000091300000|  0%| F|  |TAMS 0x0000000091200000, 0x0000000091200000| Untracked 
| 211|0x0000000091300000, 0x0000000091300000, 0x0000000091400000|  0%| F|  |TAMS 0x0000000091300000, 0x0000000091300000| Untracked 
| 212|0x0000000091400000, 0x0000000091400000, 0x0000000091500000|  0%| F|  |TAMS 0x0000000091400000, 0x0000000091400000| Untracked 
| 213|0x0000000091500000, 0x0000000091500000, 0x0000000091600000|  0%| F|  |TAMS 0x0000000091500000, 0x0000000091500000| Untracked 
| 214|0x0000000091600000, 0x0000000091600000, 0x0000000091700000|  0%| F|  |TAMS 0x0000000091600000, 0x0000000091600000| Untracked 
| 215|0x0000000091700000, 0x0000000091700000, 0x0000000091800000|  0%| F|  |TAMS 0x0000000091700000, 0x0000000091700000| Untracked 
| 216|0x0000000091800000, 0x0000000091800000, 0x0000000091900000|  0%| F|  |TAMS 0x0000000091800000, 0x0000000091800000| Untracked 
| 217|0x0000000091900000, 0x0000000091900000, 0x0000000091a00000|  0%| F|  |TAMS 0x0000000091900000, 0x0000000091900000| Untracked 
| 218|0x0000000091a00000, 0x0000000091a00000, 0x0000000091b00000|  0%| F|  |TAMS 0x0000000091a00000, 0x0000000091a00000| Untracked 
| 219|0x0000000091b00000, 0x0000000091b00000, 0x0000000091c00000|  0%| F|  |TAMS 0x0000000091b00000, 0x0000000091b00000| Untracked 
| 220|0x0000000091c00000, 0x0000000091c00000, 0x0000000091d00000|  0%| F|  |TAMS 0x0000000091c00000, 0x0000000091c00000| Untracked 
| 221|0x0000000091d00000, 0x0000000091d00000, 0x0000000091e00000|  0%| F|  |TAMS 0x0000000091d00000, 0x0000000091d00000| Untracked 
| 222|0x0000000091e00000, 0x0000000091e00000, 0x0000000091f00000|  0%| F|  |TAMS 0x0000000091e00000, 0x0000000091e00000| Untracked 
| 223|0x0000000091f00000, 0x0000000091f00000, 0x0000000092000000|  0%| F|  |TAMS 0x0000000091f00000, 0x0000000091f00000| Untracked 
| 224|0x0000000092000000, 0x0000000092000000, 0x0000000092100000|  0%| F|  |TAMS 0x0000000092000000, 0x0000000092000000| Untracked 
| 225|0x0000000092100000, 0x0000000092100000, 0x0000000092200000|  0%| F|  |TAMS 0x0000000092100000, 0x0000000092100000| Untracked 
| 226|0x0000000092200000, 0x0000000092200000, 0x0000000092300000|  0%| F|  |TAMS 0x0000000092200000, 0x0000000092200000| Untracked 
| 227|0x0000000092300000, 0x0000000092300000, 0x0000000092400000|  0%| F|  |TAMS 0x0000000092300000, 0x0000000092300000| Untracked 
| 228|0x0000000092400000, 0x0000000092400000, 0x0000000092500000|  0%| F|  |TAMS 0x0000000092400000, 0x0000000092400000| Untracked 
| 229|0x0000000092500000, 0x0000000092500000, 0x0000000092600000|  0%| F|  |TAMS 0x0000000092500000, 0x0000000092500000| Untracked 
| 230|0x0000000092600000, 0x0000000092600000, 0x0000000092700000|  0%| F|  |TAMS 0x0000000092600000, 0x0000000092600000| Untracked 
| 231|0x0000000092700000, 0x0000000092700000, 0x0000000092800000|  0%| F|  |TAMS 0x0000000092700000, 0x0000000092700000| Untracked 
| 232|0x0000000092800000, 0x0000000092800000, 0x0000000092900000|  0%| F|  |TAMS 0x0000000092800000, 0x0000000092800000| Untracked 
| 233|0x0000000092900000, 0x0000000092900000, 0x0000000092a00000|  0%| F|  |TAMS 0x0000000092900000, 0x0000000092900000| Untracked 
| 234|0x0000000092a00000, 0x0000000092ac5bc0, 0x0000000092b00000| 77%| S|CS|TAMS 0x0000000092a00000, 0x0000000092a00000| Complete 
| 235|0x0000000092b00000, 0x0000000092c00000, 0x0000000092c00000|100%| S|CS|TAMS 0x0000000092b00000, 0x0000000092b00000| Complete 
| 236|0x0000000092c00000, 0x0000000092d00000, 0x0000000092d00000|100%| S|CS|TAMS 0x0000000092c00000, 0x0000000092c00000| Complete 
| 237|0x0000000092d00000, 0x0000000092e00000, 0x0000000092e00000|100%| S|CS|TAMS 0x0000000092d00000, 0x0000000092d00000| Complete 
| 238|0x0000000092e00000, 0x0000000092f00000, 0x0000000092f00000|100%| S|CS|TAMS 0x0000000092e00000, 0x0000000092e00000| Complete 
| 239|0x0000000092f00000, 0x0000000093000000, 0x0000000093000000|100%| S|CS|TAMS 0x0000000092f00000, 0x0000000092f00000| Complete 
| 240|0x0000000093000000, 0x0000000093100000, 0x0000000093100000|100%| S|CS|TAMS 0x0000000093000000, 0x0000000093000000| Complete 
| 241|0x0000000093100000, 0x0000000093200000, 0x0000000093200000|100%| S|CS|TAMS 0x0000000093100000, 0x0000000093100000| Complete 
| 242|0x0000000093200000, 0x0000000093200000, 0x0000000093300000|  0%| F|  |TAMS 0x0000000093200000, 0x0000000093200000| Untracked 
| 243|0x0000000093300000, 0x0000000093300000, 0x0000000093400000|  0%| F|  |TAMS 0x0000000093300000, 0x0000000093300000| Untracked 
| 244|0x0000000093400000, 0x0000000093400000, 0x0000000093500000|  0%| F|  |TAMS 0x0000000093400000, 0x0000000093400000| Untracked 
| 245|0x0000000093500000, 0x0000000093500000, 0x0000000093600000|  0%| F|  |TAMS 0x0000000093500000, 0x0000000093500000| Untracked 
| 246|0x0000000093600000, 0x0000000093600000, 0x0000000093700000|  0%| F|  |TAMS 0x0000000093600000, 0x0000000093600000| Untracked 
| 247|0x0000000093700000, 0x0000000093700000, 0x0000000093800000|  0%| F|  |TAMS 0x0000000093700000, 0x0000000093700000| Untracked 
| 248|0x0000000093800000, 0x0000000093800000, 0x0000000093900000|  0%| F|  |TAMS 0x0000000093800000, 0x0000000093800000| Untracked 
| 249|0x0000000093900000, 0x0000000093900000, 0x0000000093a00000|  0%| F|  |TAMS 0x0000000093900000, 0x0000000093900000| Untracked 
| 250|0x0000000093a00000, 0x0000000093a00000, 0x0000000093b00000|  0%| F|  |TAMS 0x0000000093a00000, 0x0000000093a00000| Untracked 
| 251|0x0000000093b00000, 0x0000000093b00000, 0x0000000093c00000|  0%| F|  |TAMS 0x0000000093b00000, 0x0000000093b00000| Untracked 
| 252|0x0000000093c00000, 0x0000000093c00000, 0x0000000093d00000|  0%| F|  |TAMS 0x0000000093c00000, 0x0000000093c00000| Untracked 
| 253|0x0000000093d00000, 0x0000000093d00000, 0x0000000093e00000|  0%| F|  |TAMS 0x0000000093d00000, 0x0000000093d00000| Untracked 
| 254|0x0000000093e00000, 0x0000000093e00000, 0x0000000093f00000|  0%| F|  |TAMS 0x0000000093e00000, 0x0000000093e00000| Untracked 
| 255|0x0000000093f00000, 0x0000000093f00000, 0x0000000094000000|  0%| F|  |TAMS 0x0000000093f00000, 0x0000000093f00000| Untracked 
| 256|0x0000000094000000, 0x0000000094000000, 0x0000000094100000|  0%| F|  |TAMS 0x0000000094000000, 0x0000000094000000| Untracked 
| 257|0x0000000094100000, 0x0000000094100000, 0x0000000094200000|  0%| F|  |TAMS 0x0000000094100000, 0x0000000094100000| Untracked 
| 258|0x0000000094200000, 0x0000000094200000, 0x0000000094300000|  0%| F|  |TAMS 0x0000000094200000, 0x0000000094200000| Untracked 
| 259|0x0000000094300000, 0x0000000094300000, 0x0000000094400000|  0%| F|  |TAMS 0x0000000094300000, 0x0000000094300000| Untracked 
| 260|0x0000000094400000, 0x0000000094400000, 0x0000000094500000|  0%| F|  |TAMS 0x0000000094400000, 0x0000000094400000| Untracked 
| 261|0x0000000094500000, 0x0000000094500000, 0x0000000094600000|  0%| F|  |TAMS 0x0000000094500000, 0x0000000094500000| Untracked 
| 262|0x0000000094600000, 0x0000000094600000, 0x0000000094700000|  0%| F|  |TAMS 0x0000000094600000, 0x0000000094600000| Untracked 
| 263|0x0000000094700000, 0x0000000094700000, 0x0000000094800000|  0%| F|  |TAMS 0x0000000094700000, 0x0000000094700000| Untracked 
| 264|0x0000000094800000, 0x0000000094800000, 0x0000000094900000|  0%| F|  |TAMS 0x0000000094800000, 0x0000000094800000| Untracked 
| 265|0x0000000094900000, 0x0000000094900000, 0x0000000094a00000|  0%| F|  |TAMS 0x0000000094900000, 0x0000000094900000| Untracked 
| 266|0x0000000094a00000, 0x0000000094a00000, 0x0000000094b00000|  0%| F|  |TAMS 0x0000000094a00000, 0x0000000094a00000| Untracked 
| 267|0x0000000094b00000, 0x0000000094b00000, 0x0000000094c00000|  0%| F|  |TAMS 0x0000000094b00000, 0x0000000094b00000| Untracked 
| 268|0x0000000094c00000, 0x0000000094c00000, 0x0000000094d00000|  0%| F|  |TAMS 0x0000000094c00000, 0x0000000094c00000| Untracked 
| 269|0x0000000094d00000, 0x0000000094d00000, 0x0000000094e00000|  0%| F|  |TAMS 0x0000000094d00000, 0x0000000094d00000| Untracked 
| 270|0x0000000094e00000, 0x0000000094e00000, 0x0000000094f00000|  0%| F|  |TAMS 0x0000000094e00000, 0x0000000094e00000| Untracked 
| 271|0x0000000094f00000, 0x0000000094f00000, 0x0000000095000000|  0%| F|  |TAMS 0x0000000094f00000, 0x0000000094f00000| Untracked 
| 272|0x0000000095000000, 0x0000000095000000, 0x0000000095100000|  0%| F|  |TAMS 0x0000000095000000, 0x0000000095000000| Untracked 
| 273|0x0000000095100000, 0x0000000095100000, 0x0000000095200000|  0%| F|  |TAMS 0x0000000095100000, 0x0000000095100000| Untracked 
| 274|0x0000000095200000, 0x0000000095200000, 0x0000000095300000|  0%| F|  |TAMS 0x0000000095200000, 0x0000000095200000| Untracked 
| 275|0x0000000095300000, 0x0000000095300000, 0x0000000095400000|  0%| F|  |TAMS 0x0000000095300000, 0x0000000095300000| Untracked 
| 276|0x0000000095400000, 0x0000000095400000, 0x0000000095500000|  0%| F|  |TAMS 0x0000000095400000, 0x0000000095400000| Untracked 
| 277|0x0000000095500000, 0x0000000095500000, 0x0000000095600000|  0%| F|  |TAMS 0x0000000095500000, 0x0000000095500000| Untracked 
| 278|0x0000000095600000, 0x0000000095600000, 0x0000000095700000|  0%| F|  |TAMS 0x0000000095600000, 0x0000000095600000| Untracked 
| 279|0x0000000095700000, 0x0000000095700000, 0x0000000095800000|  0%| F|  |TAMS 0x0000000095700000, 0x0000000095700000| Untracked 
| 280|0x0000000095800000, 0x0000000095800000, 0x0000000095900000|  0%| F|  |TAMS 0x0000000095800000, 0x0000000095800000| Untracked 
| 281|0x0000000095900000, 0x0000000095900000, 0x0000000095a00000|  0%| F|  |TAMS 0x0000000095900000, 0x0000000095900000| Untracked 
| 282|0x0000000095a00000, 0x0000000095a00000, 0x0000000095b00000|  0%| F|  |TAMS 0x0000000095a00000, 0x0000000095a00000| Untracked 
| 283|0x0000000095b00000, 0x0000000095b00000, 0x0000000095c00000|  0%| F|  |TAMS 0x0000000095b00000, 0x0000000095b00000| Untracked 
| 284|0x0000000095c00000, 0x0000000095c00000, 0x0000000095d00000|  0%| F|  |TAMS 0x0000000095c00000, 0x0000000095c00000| Untracked 
| 285|0x0000000095d00000, 0x0000000095d00000, 0x0000000095e00000|  0%| F|  |TAMS 0x0000000095d00000, 0x0000000095d00000| Untracked 
| 286|0x0000000095e00000, 0x0000000095e00000, 0x0000000095f00000|  0%| F|  |TAMS 0x0000000095e00000, 0x0000000095e00000| Untracked 
| 287|0x0000000095f00000, 0x0000000095f00000, 0x0000000096000000|  0%| F|  |TAMS 0x0000000095f00000, 0x0000000095f00000| Untracked 
| 288|0x0000000096000000, 0x0000000096000000, 0x0000000096100000|  0%| F|  |TAMS 0x0000000096000000, 0x0000000096000000| Untracked 
| 289|0x0000000096100000, 0x0000000096100000, 0x0000000096200000|  0%| F|  |TAMS 0x0000000096100000, 0x0000000096100000| Untracked 
| 290|0x0000000096200000, 0x0000000096200000, 0x0000000096300000|  0%| F|  |TAMS 0x0000000096200000, 0x0000000096200000| Untracked 
| 291|0x0000000096300000, 0x0000000096300000, 0x0000000096400000|  0%| F|  |TAMS 0x0000000096300000, 0x0000000096300000| Untracked 
| 292|0x0000000096400000, 0x0000000096400000, 0x0000000096500000|  0%| F|  |TAMS 0x0000000096400000, 0x0000000096400000| Untracked 
| 293|0x0000000096500000, 0x0000000096500000, 0x0000000096600000|  0%| F|  |TAMS 0x0000000096500000, 0x0000000096500000| Untracked 
| 294|0x0000000096600000, 0x0000000096600000, 0x0000000096700000|  0%| F|  |TAMS 0x0000000096600000, 0x0000000096600000| Untracked 
| 295|0x0000000096700000, 0x0000000096700000, 0x0000000096800000|  0%| F|  |TAMS 0x0000000096700000, 0x0000000096700000| Untracked 
| 296|0x0000000096800000, 0x0000000096800000, 0x0000000096900000|  0%| F|  |TAMS 0x0000000096800000, 0x0000000096800000| Untracked 
| 297|0x0000000096900000, 0x0000000096900000, 0x0000000096a00000|  0%| F|  |TAMS 0x0000000096900000, 0x0000000096900000| Untracked 
| 298|0x0000000096a00000, 0x0000000096a00000, 0x0000000096b00000|  0%| F|  |TAMS 0x0000000096a00000, 0x0000000096a00000| Untracked 
| 299|0x0000000096b00000, 0x0000000096b00000, 0x0000000096c00000|  0%| F|  |TAMS 0x0000000096b00000, 0x0000000096b00000| Untracked 
| 300|0x0000000096c00000, 0x0000000096c00000, 0x0000000096d00000|  0%| F|  |TAMS 0x0000000096c00000, 0x0000000096c00000| Untracked 
| 301|0x0000000096d00000, 0x0000000096d00000, 0x0000000096e00000|  0%| F|  |TAMS 0x0000000096d00000, 0x0000000096d00000| Untracked 
| 302|0x0000000096e00000, 0x0000000096e00000, 0x0000000096f00000|  0%| F|  |TAMS 0x0000000096e00000, 0x0000000096e00000| Untracked 
| 303|0x0000000096f00000, 0x0000000096f00000, 0x0000000097000000|  0%| F|  |TAMS 0x0000000096f00000, 0x0000000096f00000| Untracked 
| 304|0x0000000097000000, 0x0000000097000000, 0x0000000097100000|  0%| F|  |TAMS 0x0000000097000000, 0x0000000097000000| Untracked 
| 305|0x0000000097100000, 0x0000000097100000, 0x0000000097200000|  0%| F|  |TAMS 0x0000000097100000, 0x0000000097100000| Untracked 
| 306|0x0000000097200000, 0x0000000097200000, 0x0000000097300000|  0%| F|  |TAMS 0x0000000097200000, 0x0000000097200000| Untracked 
| 307|0x0000000097300000, 0x0000000097300000, 0x0000000097400000|  0%| F|  |TAMS 0x0000000097300000, 0x0000000097300000| Untracked 
| 308|0x0000000097400000, 0x0000000097400000, 0x0000000097500000|  0%| F|  |TAMS 0x0000000097400000, 0x0000000097400000| Untracked 
| 309|0x0000000097500000, 0x0000000097500000, 0x0000000097600000|  0%| F|  |TAMS 0x0000000097500000, 0x0000000097500000| Untracked 
| 310|0x0000000097600000, 0x0000000097600000, 0x0000000097700000|  0%| F|  |TAMS 0x0000000097600000, 0x0000000097600000| Untracked 
| 311|0x0000000097700000, 0x0000000097700000, 0x0000000097800000|  0%| F|  |TAMS 0x0000000097700000, 0x0000000097700000| Untracked 
| 312|0x0000000097800000, 0x0000000097800000, 0x0000000097900000|  0%| F|  |TAMS 0x0000000097800000, 0x0000000097800000| Untracked 
| 313|0x0000000097900000, 0x0000000097900000, 0x0000000097a00000|  0%| F|  |TAMS 0x0000000097900000, 0x0000000097900000| Untracked 
| 314|0x0000000097a00000, 0x0000000097a00000, 0x0000000097b00000|  0%| F|  |TAMS 0x0000000097a00000, 0x0000000097a00000| Untracked 
| 315|0x0000000097b00000, 0x0000000097be2dd0, 0x0000000097c00000| 88%| E|  |TAMS 0x0000000097b00000, 0x0000000097b00000| Complete 
| 316|0x0000000097c00000, 0x0000000097d00000, 0x0000000097d00000|100%| E|CS|TAMS 0x0000000097c00000, 0x0000000097c00000| Complete 
| 317|0x0000000097d00000, 0x0000000097e00000, 0x0000000097e00000|100%| E|CS|TAMS 0x0000000097d00000, 0x0000000097d00000| Complete 
| 318|0x0000000097e00000, 0x0000000097f00000, 0x0000000097f00000|100%| E|CS|TAMS 0x0000000097e00000, 0x0000000097e00000| Complete 
| 319|0x0000000097f00000, 0x0000000098000000, 0x0000000098000000|100%| E|CS|TAMS 0x0000000097f00000, 0x0000000097f00000| Complete 
| 320|0x0000000098000000, 0x0000000098100000, 0x0000000098100000|100%| E|CS|TAMS 0x0000000098000000, 0x0000000098000000| Complete 
| 321|0x0000000098100000, 0x0000000098200000, 0x0000000098200000|100%| E|CS|TAMS 0x0000000098100000, 0x0000000098100000| Complete 
| 322|0x0000000098200000, 0x0000000098300000, 0x0000000098300000|100%| E|CS|TAMS 0x0000000098200000, 0x0000000098200000| Complete 
| 323|0x0000000098300000, 0x0000000098400000, 0x0000000098400000|100%| E|CS|TAMS 0x0000000098300000, 0x0000000098300000| Complete 
| 324|0x0000000098400000, 0x0000000098500000, 0x0000000098500000|100%| E|CS|TAMS 0x0000000098400000, 0x0000000098400000| Complete 
| 325|0x0000000098500000, 0x0000000098600000, 0x0000000098600000|100%| E|CS|TAMS 0x0000000098500000, 0x0000000098500000| Complete 
| 326|0x0000000098600000, 0x0000000098700000, 0x0000000098700000|100%| E|CS|TAMS 0x0000000098600000, 0x0000000098600000| Complete 
| 327|0x0000000098700000, 0x0000000098800000, 0x0000000098800000|100%| E|CS|TAMS 0x0000000098700000, 0x0000000098700000| Complete 
| 328|0x0000000098800000, 0x0000000098900000, 0x0000000098900000|100%| E|CS|TAMS 0x0000000098800000, 0x0000000098800000| Complete 
| 329|0x0000000098900000, 0x0000000098a00000, 0x0000000098a00000|100%| E|CS|TAMS 0x0000000098900000, 0x0000000098900000| Complete 
| 330|0x0000000098a00000, 0x0000000098b00000, 0x0000000098b00000|100%| E|CS|TAMS 0x0000000098a00000, 0x0000000098a00000| Complete 
| 331|0x0000000098b00000, 0x0000000098c00000, 0x0000000098c00000|100%| E|CS|TAMS 0x0000000098b00000, 0x0000000098b00000| Complete 
| 332|0x0000000098c00000, 0x0000000098d00000, 0x0000000098d00000|100%| E|CS|TAMS 0x0000000098c00000, 0x0000000098c00000| Complete 
| 333|0x0000000098d00000, 0x0000000098e00000, 0x0000000098e00000|100%| E|CS|TAMS 0x0000000098d00000, 0x0000000098d00000| Complete 
| 334|0x0000000098e00000, 0x0000000098f00000, 0x0000000098f00000|100%| E|CS|TAMS 0x0000000098e00000, 0x0000000098e00000| Complete 
| 335|0x0000000098f00000, 0x0000000099000000, 0x0000000099000000|100%| E|CS|TAMS 0x0000000098f00000, 0x0000000098f00000| Complete 
| 336|0x0000000099000000, 0x0000000099100000, 0x0000000099100000|100%| E|CS|TAMS 0x0000000099000000, 0x0000000099000000| Complete 
| 337|0x0000000099100000, 0x0000000099200000, 0x0000000099200000|100%| E|CS|TAMS 0x0000000099100000, 0x0000000099100000| Complete 
| 338|0x0000000099200000, 0x0000000099300000, 0x0000000099300000|100%| E|CS|TAMS 0x0000000099200000, 0x0000000099200000| Complete 
| 339|0x0000000099300000, 0x0000000099400000, 0x0000000099400000|100%| E|CS|TAMS 0x0000000099300000, 0x0000000099300000| Complete 
| 340|0x0000000099400000, 0x0000000099500000, 0x0000000099500000|100%| E|CS|TAMS 0x0000000099400000, 0x0000000099400000| Complete 
| 341|0x0000000099500000, 0x0000000099600000, 0x0000000099600000|100%| E|CS|TAMS 0x0000000099500000, 0x0000000099500000| Complete 
| 342|0x0000000099600000, 0x0000000099700000, 0x0000000099700000|100%| E|CS|TAMS 0x0000000099600000, 0x0000000099600000| Complete 
| 343|0x0000000099700000, 0x0000000099800000, 0x0000000099800000|100%| E|CS|TAMS 0x0000000099700000, 0x0000000099700000| Complete 
| 344|0x0000000099800000, 0x0000000099900000, 0x0000000099900000|100%| E|CS|TAMS 0x0000000099800000, 0x0000000099800000| Complete 
| 345|0x0000000099900000, 0x0000000099a00000, 0x0000000099a00000|100%| E|CS|TAMS 0x0000000099900000, 0x0000000099900000| Complete 
| 346|0x0000000099a00000, 0x0000000099b00000, 0x0000000099b00000|100%| E|CS|TAMS 0x0000000099a00000, 0x0000000099a00000| Complete 
| 347|0x0000000099b00000, 0x0000000099c00000, 0x0000000099c00000|100%| E|CS|TAMS 0x0000000099b00000, 0x0000000099b00000| Complete 
| 348|0x0000000099c00000, 0x0000000099d00000, 0x0000000099d00000|100%| E|CS|TAMS 0x0000000099c00000, 0x0000000099c00000| Complete 
| 349|0x0000000099d00000, 0x0000000099e00000, 0x0000000099e00000|100%| E|CS|TAMS 0x0000000099d00000, 0x0000000099d00000| Complete 
| 350|0x0000000099e00000, 0x0000000099f00000, 0x0000000099f00000|100%| E|CS|TAMS 0x0000000099e00000, 0x0000000099e00000| Complete 
| 351|0x0000000099f00000, 0x000000009a000000, 0x000000009a000000|100%| E|CS|TAMS 0x0000000099f00000, 0x0000000099f00000| Complete 
| 352|0x000000009a000000, 0x000000009a100000, 0x000000009a100000|100%| E|CS|TAMS 0x000000009a000000, 0x000000009a000000| Complete 
| 353|0x000000009a100000, 0x000000009a200000, 0x000000009a200000|100%| E|CS|TAMS 0x000000009a100000, 0x000000009a100000| Complete 
| 354|0x000000009a200000, 0x000000009a300000, 0x000000009a300000|100%| E|CS|TAMS 0x000000009a200000, 0x000000009a200000| Complete 
| 355|0x000000009a300000, 0x000000009a400000, 0x000000009a400000|100%| E|CS|TAMS 0x000000009a300000, 0x000000009a300000| Complete 
| 356|0x000000009a400000, 0x000000009a500000, 0x000000009a500000|100%| E|CS|TAMS 0x000000009a400000, 0x000000009a400000| Complete 
| 357|0x000000009a500000, 0x000000009a600000, 0x000000009a600000|100%| E|CS|TAMS 0x000000009a500000, 0x000000009a500000| Complete 
| 358|0x000000009a600000, 0x000000009a700000, 0x000000009a700000|100%| E|CS|TAMS 0x000000009a600000, 0x000000009a600000| Complete 
| 359|0x000000009a700000, 0x000000009a800000, 0x000000009a800000|100%| E|CS|TAMS 0x000000009a700000, 0x000000009a700000| Complete 
| 360|0x000000009a800000, 0x000000009a900000, 0x000000009a900000|100%| E|CS|TAMS 0x000000009a800000, 0x000000009a800000| Complete 
| 361|0x000000009a900000, 0x000000009aa00000, 0x000000009aa00000|100%| E|CS|TAMS 0x000000009a900000, 0x000000009a900000| Complete 
| 362|0x000000009aa00000, 0x000000009ab00000, 0x000000009ab00000|100%| E|CS|TAMS 0x000000009aa00000, 0x000000009aa00000| Complete 
| 363|0x000000009ab00000, 0x000000009ac00000, 0x000000009ac00000|100%| E|CS|TAMS 0x000000009ab00000, 0x000000009ab00000| Complete 
| 364|0x000000009ac00000, 0x000000009ad00000, 0x000000009ad00000|100%| E|CS|TAMS 0x000000009ac00000, 0x000000009ac00000| Complete 
| 365|0x000000009ad00000, 0x000000009ae00000, 0x000000009ae00000|100%| E|CS|TAMS 0x000000009ad00000, 0x000000009ad00000| Complete 
| 366|0x000000009ae00000, 0x000000009af00000, 0x000000009af00000|100%| E|CS|TAMS 0x000000009ae00000, 0x000000009ae00000| Complete 
|1983|0x00000000fff00000, 0x0000000100000000, 0x0000000100000000|100%| O|  |TAMS 0x0000000100000000, 0x00000000fff00000| Untracked 

Card table byte_map: [0x000001c15f640000,0x000001c15fa20000] _byte_map_base: 0x000001c15f220000

Marking Bits (Prev, Next): (CMBitMap*) 0x000001c1468a5450, (CMBitMap*) 0x000001c1468a5410
 Prev Bits: [0x000001c161d00000, 0x000001c163c00000)
 Next Bits: [0x000001c15fe00000, 0x000001c161d00000)

Polling page: 0x000001c1468e0000

Metaspace:

Usage:
  Non-class:     77.52 MB used.
      Class:     12.71 MB used.
       Both:     90.22 MB used.

Virtual space:
  Non-class space:      128.00 MB reserved,      77.94 MB ( 61%) committed,  2 nodes.
      Class space:        1.00 GB reserved,      13.06 MB (  1%) committed,  1 nodes.
             Both:        1.12 GB reserved,      91.00 MB (  8%) committed. 

Chunk freelists:
   Non-Class:  2.04 MB
       Class:  2.89 MB
        Both:  4.93 MB

MaxMetaspaceSize: unlimited
CompressedClassSpaceSize: 1.00 GB
Initial GC threshold: 21.00 MB
Current GC threshold: 120.44 MB
CDS: on
MetaspaceReclaimPolicy: balanced
 - commit_granule_bytes: 65536.
 - commit_granule_words: 8192.
 - virtual_space_node_default_size: 8388608.
 - enlarge_chunks_in_place: 1.
 - new_chunks_are_fully_committed: 0.
 - uncommit_free_chunks: 1.
 - use_allocation_guard: 0.
 - handle_deallocations: 1.


Internal statistics:

num_allocs_failed_limit: 11.
num_arena_births: 1156.
num_arena_deaths: 10.
num_vsnodes_births: 3.
num_vsnodes_deaths: 0.
num_space_committed: 1456.
num_space_uncommitted: 0.
num_chunks_returned_to_freelist: 24.
num_chunks_taken_from_freelist: 4625.
num_chunk_merges: 11.
num_chunk_splits: 3288.
num_chunks_enlarged: 2545.
num_inconsistent_stats: 0.

CodeHeap 'non-profiled nmethods': size=120000Kb used=6340Kb max_used=6340Kb free=113659Kb
 bounds [0x000001c157800000, 0x000001c157e40000, 0x000001c15ed30000]
CodeHeap 'profiled nmethods': size=120000Kb used=15428Kb max_used=15428Kb free=104571Kb
 bounds [0x000001c14fd30000, 0x000001c150c50000, 0x000001c157260000]
CodeHeap 'non-nmethods': size=5760Kb used=1406Kb max_used=1502Kb free=4353Kb
 bounds [0x000001c157260000, 0x000001c1574d0000, 0x000001c157800000]
 total_blobs=8601 nmethods=7863 adapters=649
 compilation: enabled
              stopped_count=0, restarted_count=0
 full_count=0

Compilation events (20 events):
Event: 1301.445 Thread 0x000001c166126b30 nmethod 9109 0x000001c150c3d890 code [0x000001c150c3da40, 0x000001c150c3dc68]
Event: 1312.677 Thread 0x000001c16611e820 9110       4       java.util.concurrent.ScheduledThreadPoolExecutor::canRunInCurrentRunState (61 bytes)
Event: 1312.678 Thread 0x000001c16611e820 nmethod 9110 0x000001c157e2eb10 code [0x000001c157e2eca0, 0x000001c157e2ed58]
Event: 1319.779 Thread 0x000001c16611e820 9111       4       java.lang.ThreadLocal$ThreadLocalMap::set (133 bytes)
Event: 1319.791 Thread 0x000001c16611e820 nmethod 9111 0x000001c157e2ee90 code [0x000001c157e2f040, 0x000001c157e2f798]
Event: 1336.391 Thread 0x000001c166126b30 9112       3       org.h2.message.TraceObject::debugCodeCall (28 bytes)
Event: 1336.394 Thread 0x000001c166126b30 nmethod 9112 0x000001c150c3dd90 code [0x000001c150c3e180, 0x000001c150c402f8]
Event: 1343.354 Thread 0x000001c16611e820 9113       4       java.util.concurrent.locks.ReentrantLock$NonfairSync::tryAcquire (27 bytes)
Event: 1343.356 Thread 0x000001c16611e820 nmethod 9113 0x000001c157e2fb10 code [0x000001c157e2fc80, 0x000001c157e2fdd8]
Event: 1372.725 Thread 0x000001c16611e820 9114       4       java.util.concurrent.locks.AbstractQueuedSynchronizer::acquireShared (20 bytes)
Event: 1372.729 Thread 0x000001c16611e820 nmethod 9114 0x000001c157e2fe90 code [0x000001c157e30020, 0x000001c157e304b8]
Event: 1372.879 Thread 0x000001c16611e820 9115       4       java.lang.Long::stringSize (55 bytes)
Event: 1372.881 Thread 0x000001c16611e820 nmethod 9115 0x000001c157e30710 code [0x000001c157e308a0, 0x000001c157e30a78]
Event: 1386.062 Thread 0x000001c166126b30 9116       1       org.h2.engine.SessionLocal::getIsolationLevel (5 bytes)
Event: 1386.067 Thread 0x000001c166126b30 nmethod 9116 0x000001c157e30b90 code [0x000001c157e30d20, 0x000001c157e30df8]
Event: 1386.067 Thread 0x000001c166126b30 9117       1       org.h2.engine.IsolationLevel::getJdbc (5 bytes)
Event: 1386.067 Thread 0x000001c166126b30 nmethod 9117 0x000001c157e30e90 code [0x000001c157e31020, 0x000001c157e310f8]
Event: 1401.276 Thread 0x000001c166126b30 9118       3       com.zaxxer.hikari.pool.PoolEntry::compareAndSet (10 bytes)
Event: 1401.277 Thread 0x000001c166126b30 nmethod 9118 0x000001c150c40d90 code [0x000001c150c40f40, 0x000001c150c410a8]
Event: 1440.653 Thread 0x000001c16611e820 9119   !   4       java.net.URL::<init> (543 bytes)

GC Heap History (20 events):
Event: 12.725 GC heap before
{Heap before GC invocations=28 (full 0):
 garbage-first heap   total 135168K, used 92578K [0x0000000084000000, 0x0000000100000000)
  region size 1024K, 42 young (43008K), 6 survivors (6144K)
 Metaspace       used 73249K, committed 73920K, reserved 1114112K
  class space    used 10410K, committed 10752K, reserved 1048576K
}
Event: 12.733 GC heap after
{Heap after GC invocations=29 (full 0):
 garbage-first heap   total 135168K, used 58082K [0x0000000084000000, 0x0000000100000000)
  region size 1024K, 2 young (2048K), 2 survivors (2048K)
 Metaspace       used 73249K, committed 73920K, reserved 1114112K
  class space    used 10410K, committed 10752K, reserved 1048576K
}
Event: 12.888 GC heap before
{Heap before GC invocations=29 (full 0):
 garbage-first heap   total 135168K, used 96994K [0x0000000084000000, 0x0000000100000000)
  region size 1024K, 40 young (40960K), 2 survivors (2048K)
 Metaspace       used 73304K, committed 73984K, reserved 1114112K
  class space    used 10410K, committed 10752K, reserved 1048576K
}
Event: 12.890 GC heap after
{Heap after GC invocations=30 (full 0):
 garbage-first heap   total 135168K, used 58221K [0x0000000084000000, 0x0000000100000000)
  region size 1024K, 2 young (2048K), 2 survivors (2048K)
 Metaspace       used 73304K, committed 73984K, reserved 1114112K
  class space    used 10410K, committed 10752K, reserved 1048576K
}
Event: 13.008 GC heap before
{Heap before GC invocations=30 (full 0):
 garbage-first heap   total 135168K, used 100205K [0x0000000084000000, 0x0000000100000000)
  region size 1024K, 43 young (44032K), 2 survivors (2048K)
 Metaspace       used 73312K, committed 73984K, reserved 1114112K
  class space    used 10410K, committed 10752K, reserved 1048576K
}
Event: 13.023 GC heap after
{Heap after GC invocations=31 (full 0):
 garbage-first heap   total 135168K, used 70948K [0x0000000084000000, 0x0000000100000000)
  region size 1024K, 6 young (6144K), 6 survivors (6144K)
 Metaspace       used 73312K, committed 73984K, reserved 1114112K
  class space    used 10410K, committed 10752K, reserved 1048576K
}
Event: 13.088 GC heap before
{Heap before GC invocations=31 (full 0):
 garbage-first heap   total 135168K, used 90404K [0x0000000084000000, 0x0000000100000000)
  region size 1024K, 26 young (26624K), 6 survivors (6144K)
 Metaspace       used 73312K, committed 73984K, reserved 1114112K
  class space    used 10410K, committed 10752K, reserved 1048576K
}
Event: 13.099 GC heap after
{Heap after GC invocations=32 (full 0):
 garbage-first heap   total 188416K, used 76709K [0x0000000084000000, 0x0000000100000000)
  region size 1024K, 5 young (5120K), 5 survivors (5120K)
 Metaspace       used 73312K, committed 73984K, reserved 1114112K
  class space    used 10410K, committed 10752K, reserved 1048576K
}
Event: 13.356 GC heap before
{Heap before GC invocations=32 (full 0):
 garbage-first heap   total 188416K, used 133029K [0x0000000084000000, 0x0000000100000000)
  region size 1024K, 57 young (58368K), 5 survivors (5120K)
 Metaspace       used 73323K, committed 73984K, reserved 1114112K
  class space    used 10410K, committed 10752K, reserved 1048576K
}
Event: 13.376 GC heap after
{Heap after GC invocations=33 (full 0):
 garbage-first heap   total 188416K, used 100261K [0x0000000084000000, 0x0000000100000000)
  region size 1024K, 8 young (8192K), 8 survivors (8192K)
 Metaspace       used 73323K, committed 73984K, reserved 1114112K
  class space    used 10410K, committed 10752K, reserved 1048576K
}
Event: 13.617 GC heap before
{Heap before GC invocations=33 (full 0):
 garbage-first heap   total 188416K, used 137125K [0x0000000084000000, 0x0000000100000000)
  region size 1024K, 44 young (45056K), 8 survivors (8192K)
 Metaspace       used 73327K, committed 73984K, reserved 1114112K
  class space    used 10410K, committed 10752K, reserved 1048576K
}
Event: 13.630 GC heap after
{Heap after GC invocations=34 (full 0):
 garbage-first heap   total 188416K, used 109056K [0x0000000084000000, 0x0000000100000000)
  region size 1024K, 6 young (6144K), 6 survivors (6144K)
 Metaspace       used 73327K, committed 73984K, reserved 1114112K
  class space    used 10410K, committed 10752K, reserved 1048576K
}
Event: 13.773 GC heap before
{Heap before GC invocations=34 (full 0):
 garbage-first heap   total 230400K, used 137728K [0x0000000084000000, 0x0000000100000000)
  region size 1024K, 38 young (38912K), 6 survivors (6144K)
 Metaspace       used 73352K, committed 73984K, reserved 1114112K
  class space    used 10410K, committed 10752K, reserved 1048576K
}
Event: 13.784 GC heap after
{Heap after GC invocations=35 (full 0):
 garbage-first heap   total 230400K, used 110592K [0x0000000084000000, 0x0000000100000000)
  region size 1024K, 5 young (5120K), 5 survivors (5120K)
 Metaspace       used 73352K, committed 73984K, reserved 1114112K
  class space    used 10410K, committed 10752K, reserved 1048576K
}
Event: 14.094 GC heap before
{Heap before GC invocations=36 (full 0):
 garbage-first heap   total 230400K, used 160768K [0x0000000084000000, 0x0000000100000000)
  region size 1024K, 55 young (56320K), 5 survivors (5120K)
 Metaspace       used 75068K, committed 75712K, reserved 1114112K
  class space    used 10670K, committed 11008K, reserved 1048576K
}
Event: 14.101 GC heap after
{Heap after GC invocations=37 (full 0):
 garbage-first heap   total 230400K, used 112481K [0x0000000084000000, 0x0000000100000000)
  region size 1024K, 3 young (3072K), 3 survivors (3072K)
 Metaspace       used 75068K, committed 75712K, reserved 1114112K
  class space    used 10670K, committed 11008K, reserved 1048576K
}
Event: 14.116 GC heap before
{Heap before GC invocations=37 (full 0):
 garbage-first heap   total 230400K, used 120673K [0x0000000084000000, 0x0000000100000000)
  region size 1024K, 11 young (11264K), 3 survivors (3072K)
 Metaspace       used 75068K, committed 75712K, reserved 1114112K
  class space    used 10670K, committed 11008K, reserved 1048576K
}
Event: 14.120 GC heap after
{Heap after GC invocations=38 (full 0):
 garbage-first heap   total 376832K, used 99058K [0x0000000084000000, 0x0000000100000000)
  region size 1024K, 2 young (2048K), 2 survivors (2048K)
 Metaspace       used 75068K, committed 75712K, reserved 1114112K
  class space    used 10670K, committed 11008K, reserved 1048576K
}
Event: 19.184 GC heap before
{Heap before GC invocations=38 (full 0):
 garbage-first heap   total 376832K, used 226034K [0x0000000084000000, 0x0000000100000000)
  region size 1024K, 127 young (130048K), 2 survivors (2048K)
 Metaspace       used 86089K, committed 86784K, reserved 1179648K
  class space    used 12254K, committed 12608K, reserved 1048576K
}
Event: 19.196 GC heap after
{Heap after GC invocations=39 (full 0):
 garbage-first heap   total 376832K, used 105696K [0x0000000084000000, 0x0000000100000000)
  region size 1024K, 8 young (8192K), 8 survivors (8192K)
 Metaspace       used 86089K, committed 86784K, reserved 1179648K
  class space    used 12254K, committed 12608K, reserved 1048576K
}

Dll operation events (11 events):
Event: 0.023 Loaded shared library C:\Users\riote\AppData\Roaming\Code\User\globalStorage\pleiades.java-extension-pack-jdk\java\17\bin\java.dll
Event: 0.052 Loaded shared library C:\Users\riote\AppData\Roaming\Code\User\globalStorage\pleiades.java-extension-pack-jdk\java\17\bin\jsvml.dll
Event: 0.167 Loaded shared library C:\Users\riote\AppData\Roaming\Code\User\globalStorage\pleiades.java-extension-pack-jdk\java\17\bin\jimage.dll
Event: 0.184 Loaded shared library C:\Users\riote\AppData\Roaming\Code\User\globalStorage\pleiades.java-extension-pack-jdk\java\17\bin\net.dll
Event: 0.192 Loaded shared library C:\Users\riote\AppData\Roaming\Code\User\globalStorage\pleiades.java-extension-pack-jdk\java\17\bin\nio.dll
Event: 0.199 Loaded shared library C:\Users\riote\AppData\Roaming\Code\User\globalStorage\pleiades.java-extension-pack-jdk\java\17\bin\zip.dll
Event: 0.276 Loaded shared library C:\Users\riote\AppData\Roaming\Code\User\globalStorage\pleiades.java-extension-pack-jdk\java\17\bin\management.dll
Event: 0.291 Loaded shared library C:\Users\riote\AppData\Roaming\Code\User\globalStorage\pleiades.java-extension-pack-jdk\java\17\bin\management_ext.dll
Event: 0.485 Loaded shared library C:\Users\riote\AppData\Roaming\Code\User\globalStorage\pleiades.java-extension-pack-jdk\java\17\bin\extnet.dll
Event: 2.993 Loaded shared library C:\Users\riote\AppData\Roaming\Code\User\globalStorage\pleiades.java-extension-pack-jdk\java\17\bin\sunmscapi.dll
Event: 7.761 Loaded shared library C:\Users\riote\AppData\Roaming\Code\User\globalStorage\pleiades.java-extension-pack-jdk\java\17\bin\verify.dll

Deoptimization events (20 events):
Event: 30.196 Thread 0x000001c166a9e740 DEOPT PACKING pc=0x000001c15792a7e8 sp=0x000000081c6f9d40
Event: 30.196 Thread 0x000001c166a9e740 DEOPT UNPACKING pc=0x000001c1572ba1a3 sp=0x000000081c6f9d00 mode 2
Event: 30.564 Thread 0x000001c166a9c8e0 Uncommon trap: trap_request=0xffffff6e fr.pc=0x000001c157888750 relative=0x00000000000001b0
Event: 30.564 Thread 0x000001c166a9c8e0 Uncommon trap: reason=loop_limit_check action=maybe_recompile pc=0x000001c157888750 method=java.lang.StringLatin1.lastIndexOf([BII)I @ 19 c2
Event: 30.564 Thread 0x000001c166a9c8e0 DEOPT PACKING pc=0x000001c157888750 sp=0x000000081cdfa490
Event: 30.564 Thread 0x000001c166a9c8e0 DEOPT UNPACKING pc=0x000001c1572ba1a3 sp=0x000000081cdfa348 mode 2
Event: 30.594 Thread 0x000001c166a9c8e0 DEOPT PACKING pc=0x000001c1506a9fe1 sp=0x000000081cdfb120
Event: 30.594 Thread 0x000001c166a9c8e0 DEOPT UNPACKING pc=0x000001c1572bace3 sp=0x000000081cdfa5d8 mode 0
Event: 300.607 Thread 0x000001c166b16640 Uncommon trap: trap_request=0xffffff45 fr.pc=0x000001c157dfb4e0 relative=0x0000000000000320
Event: 300.607 Thread 0x000001c166b16640 Uncommon trap: reason=unstable_if action=reinterpret pc=0x000001c157dfb4e0 method=java.io.ObjectStreamClass$FieldReflector.getPrimFieldValues(Ljava/lang/Object;[B)V @ 44 c2
Event: 300.607 Thread 0x000001c166b16640 DEOPT PACKING pc=0x000001c157dfb4e0 sp=0x000000081befe510
Event: 300.607 Thread 0x000001c166b16640 DEOPT UNPACKING pc=0x000001c1572ba1a3 sp=0x000000081befe4a8 mode 2
Event: 300.607 Thread 0x000001c166b16640 Uncommon trap: trap_request=0xffffff45 fr.pc=0x000001c157dfc820 relative=0x0000000000000820
Event: 300.607 Thread 0x000001c166b16640 Uncommon trap: reason=unstable_if action=reinterpret pc=0x000001c157dfc820 method=java.io.ObjectOutputStream$BlockDataOutputStream.write([BIIZ)V @ 2 c2
Event: 300.607 Thread 0x000001c166b16640 DEOPT PACKING pc=0x000001c157dfc820 sp=0x000000081befded0
Event: 300.607 Thread 0x000001c166b16640 DEOPT UNPACKING pc=0x000001c1572ba1a3 sp=0x000000081befdeb8 mode 2
Event: 1038.351 Thread 0x000001c166d1efe0 Uncommon trap: trap_request=0xffffff45 fr.pc=0x000001c157e271d4 relative=0x00000000000000b4
Event: 1038.351 Thread 0x000001c166d1efe0 Uncommon trap: reason=unstable_if action=reinterpret pc=0x000001c157e271d4 method=java.util.concurrent.ScheduledThreadPoolExecutor$ScheduledFutureTask.compareTo(Ljava/util/concurrent/Delayed;)I @ 40 c2
Event: 1038.351 Thread 0x000001c166d1efe0 DEOPT PACKING pc=0x000001c157e271d4 sp=0x000000081c7fef80
Event: 1038.352 Thread 0x000001c166d1efe0 DEOPT UNPACKING pc=0x000001c1572ba1a3 sp=0x000000081c7fef08 mode 2

Classes loaded (20 events):
Event: 30.313 Loading class java/util/concurrent/atomic/DoubleAccumulator
Event: 30.314 Loading class java/util/concurrent/atomic/DoubleAccumulator done
Event: 30.314 Loading class java/util/concurrent/atomic/LongAccumulator
Event: 30.314 Loading class java/util/concurrent/atomic/LongAccumulator done
Event: 30.389 Loading class java/util/ArrayList$SubList$2
Event: 30.390 Loading class java/util/ArrayList$SubList$2 done
Event: 30.403 Loading class java/time/format/DateTimeFormatterBuilder$ZoneTextPrinterParser
Event: 30.403 Loading class java/time/format/DateTimeFormatterBuilder$ZoneTextPrinterParser done
Event: 30.404 Loading class java/time/format/DateTimeFormatterBuilder$ReducedPrinterParser
Event: 30.404 Loading class java/time/format/DateTimeFormatterBuilder$ReducedPrinterParser done
Event: 30.579 Loading class java/util/stream/ReferencePipeline$4
Event: 30.579 Loading class java/util/stream/ReferencePipeline$4 done
Event: 30.579 Loading class java/util/function/IntBinaryOperator
Event: 30.579 Loading class java/util/function/IntBinaryOperator done
Event: 30.581 Loading class java/util/stream/ReduceOps$7
Event: 30.582 Loading class java/util/stream/ReduceOps$7 done
Event: 30.582 Loading class java/util/stream/ReduceOps$6ReducingSink
Event: 30.583 Loading class java/util/stream/ReduceOps$6ReducingSink done
Event: 30.583 Loading class java/util/stream/ReferencePipeline$4$1
Event: 30.583 Loading class java/util/stream/ReferencePipeline$4$1 done

Classes unloaded (5 events):
Event: 2.545 Thread 0x000001c1660f9e30 Unloading class 0x000001c1010c3400 'java/lang/invoke/LambdaForm$MH+0x000001c1010c3400'
Event: 2.545 Thread 0x000001c1660f9e30 Unloading class 0x000001c1010c2c00 'java/lang/invoke/LambdaForm$MH+0x000001c1010c2c00'
Event: 2.545 Thread 0x000001c1660f9e30 Unloading class 0x000001c1010c2400 'java/lang/invoke/LambdaForm$MH+0x000001c1010c2400'
Event: 2.545 Thread 0x000001c1660f9e30 Unloading class 0x000001c1010c1c00 'java/lang/invoke/LambdaForm$MH+0x000001c1010c1c00'
Event: 2.545 Thread 0x000001c1660f9e30 Unloading class 0x000001c1010c1400 'java/lang/invoke/LambdaForm$MH+0x000001c1010c1400'

Classes redefined (0 events):
No events

Internal exceptions (20 events):
Event: 35.956 Thread 0x000001c166b16640 Exception <a 'java/lang/ClassNotFoundException'{0x0000000098872d40}: org/springframework/boot/actuate/endpoint/jmx/DataEndpointMBean> (0x0000000098872d40) 
thrown [s\src\hotspot\share\classfile\systemDictionary.cpp, line 256]
Event: 35.956 Thread 0x000001c166b16640 Exception <a 'java/lang/ClassNotFoundException'{0x00000000988730e0}: org/springframework/context/support/LiveBeansView> (0x00000000988730e0) 
thrown [s\src\hotspot\share\classfile\systemDictionary.cpp, line 256]
Event: 35.956 Thread 0x000001c166b16640 Exception <a 'java/lang/ClassNotFoundException'{0x00000000988734a0}: org/springframework/boot/actuate/endpoint/jmx/EndpointMBean> (0x00000000988734a0) 
thrown [s\src\hotspot\share\classfile\systemDictionary.cpp, line 256]
Event: 35.956 Thread 0x000001c166b16640 Exception <a 'java/lang/ClassNotFoundException'{0x0000000098873860}: org/springframework/boot/actuate/endpoint/jmx/DataEndpointMBean> (0x0000000098873860) 
thrown [s\src\hotspot\share\classfile\systemDictionary.cpp, line 256]
Event: 35.956 Thread 0x000001c166b16640 Exception <a 'java/lang/ClassNotFoundException'{0x0000000098873c18}: org/springframework/context/support/LiveBeansView> (0x0000000098873c18) 
thrown [s\src\hotspot\share\classfile\systemDictionary.cpp, line 256]
Event: 35.956 Thread 0x000001c166b16640 Exception <a 'java/lang/ClassNotFoundException'{0x0000000098873fc8}: org/springframework/boot/actuate/endpoint/jmx/EndpointMBean> (0x0000000098873fc8) 
thrown [s\src\hotspot\share\classfile\systemDictionary.cpp, line 256]
Event: 35.956 Thread 0x000001c166b16640 Exception <a 'java/lang/ClassNotFoundException'{0x0000000098874378}: org/springframework/boot/actuate/endpoint/jmx/DataEndpointMBean> (0x0000000098874378) 
thrown [s\src\hotspot\share\classfile\systemDictionary.cpp, line 256]
Event: 35.956 Thread 0x000001c166b16640 Exception <a 'java/lang/ClassNotFoundException'{0x0000000098874720}: org/springframework/context/support/LiveBeansView> (0x0000000098874720) 
thrown [s\src\hotspot\share\classfile\systemDictionary.cpp, line 256]
Event: 35.958 Thread 0x000001c166b16640 Exception <a 'java/lang/ClassNotFoundException'{0x00000000988c1368}: org/springframework/boot/actuate/endpoint/jmx/EndpointMBean> (0x00000000988c1368) 
thrown [s\src\hotspot\share\classfile\systemDictionary.cpp, line 256]
Event: 35.960 Thread 0x000001c166b16640 Exception <a 'java/lang/ClassNotFoundException'{0x000000009870b130}: org/springframework/boot/actuate/endpoint/jmx/DataEndpointMBean> (0x000000009870b130) 
thrown [s\src\hotspot\share\classfile\systemDictionary.cpp, line 256]
Event: 35.962 Thread 0x000001c166b16640 Exception <a 'java/lang/ClassNotFoundException'{0x0000000098754cd0}: org/springframework/context/support/LiveBeansView> (0x0000000098754cd0) 
thrown [s\src\hotspot\share\classfile\systemDictionary.cpp, line 256]
Event: 35.962 Thread 0x000001c166b16640 Exception <a 'java/lang/ClassNotFoundException'{0x0000000098758168}: org/springframework/boot/actuate/endpoint/jmx/EndpointMBean> (0x0000000098758168) 
thrown [s\src\hotspot\share\classfile\systemDictionary.cpp, line 256]
Event: 35.962 Thread 0x000001c166b16640 Exception <a 'java/lang/ClassNotFoundException'{0x0000000098758538}: org/springframework/boot/actuate/endpoint/jmx/DataEndpointMBean> (0x0000000098758538) 
thrown [s\src\hotspot\share\classfile\systemDictionary.cpp, line 256]
Event: 35.967 Thread 0x000001c166b16640 Exception <a 'java/lang/ClassNotFoundException'{0x0000000098758900}: org/springframework/context/support/LiveBeansView> (0x0000000098758900) 
thrown [s\src\hotspot\share\classfile\systemDictionary.cpp, line 256]
Event: 35.967 Thread 0x000001c166b16640 Exception <a 'java/lang/ClassNotFoundException'{0x0000000098758cb8}: org/springframework/boot/actuate/endpoint/jmx/EndpointMBean> (0x0000000098758cb8) 
thrown [s\src\hotspot\share\classfile\systemDictionary.cpp, line 256]
Event: 35.967 Thread 0x000001c166b16640 Exception <a 'java/lang/ClassNotFoundException'{0x0000000098759070}: org/springframework/boot/actuate/endpoint/jmx/DataEndpointMBean> (0x0000000098759070) 
thrown [s\src\hotspot\share\classfile\systemDictionary.cpp, line 256]
Event: 35.967 Thread 0x000001c166b16640 Exception <a 'java/lang/ClassNotFoundException'{0x0000000098759420}: org/springframework/context/support/LiveBeansView> (0x0000000098759420) 
thrown [s\src\hotspot\share\classfile\systemDictionary.cpp, line 256]
Event: 35.967 Thread 0x000001c166b16640 Exception <a 'java/lang/ClassNotFoundException'{0x00000000987597d8}: org/springframework/boot/actuate/endpoint/jmx/EndpointMBean> (0x00000000987597d8) 
thrown [s\src\hotspot\share\classfile\systemDictionary.cpp, line 256]
Event: 35.967 Thread 0x000001c166b16640 Exception <a 'java/lang/ClassNotFoundException'{0x0000000098759b90}: org/springframework/boot/actuate/endpoint/jmx/DataEndpointMBean> (0x0000000098759b90) 
thrown [s\src\hotspot\share\classfile\systemDictionary.cpp, line 256]
Event: 35.967 Thread 0x000001c166b16640 Exception <a 'java/lang/ClassNotFoundException'{0x0000000098759f40}: org/springframework/context/support/LiveBeansView> (0x0000000098759f40) 
thrown [s\src\hotspot\share\classfile\systemDictionary.cpp, line 256]

VM Operations (20 events):
Event: 662.369 Executing VM operation: Cleanup
Event: 662.369 Executing VM operation: Cleanup done
Event: 751.046 Executing VM operation: Cleanup
Event: 751.046 Executing VM operation: Cleanup done
Event: 779.287 Executing VM operation: Cleanup
Event: 779.287 Executing VM operation: Cleanup done
Event: 878.995 Executing VM operation: Cleanup
Event: 878.995 Executing VM operation: Cleanup done
Event: 879.996 Executing VM operation: Cleanup
Event: 879.996 Executing VM operation: Cleanup done
Event: 898.105 Executing VM operation: Cleanup
Event: 898.105 Executing VM operation: Cleanup done
Event: 982.757 Executing VM operation: Cleanup
Event: 982.757 Executing VM operation: Cleanup done
Event: 1153.039 Executing VM operation: Cleanup
Event: 1153.039 Executing VM operation: Cleanup done
Event: 1345.258 Executing VM operation: Cleanup
Event: 1345.258 Executing VM operation: Cleanup done
Event: 1367.434 Executing VM operation: Cleanup
Event: 1367.434 Executing VM operation: Cleanup done

Memory protections (0 events):
No events

Nmethod flushes (20 events):
Event: 14.939 Thread 0x000001c16612e630 flushing  nmethod 0x000001c1507f6010
Event: 14.939 Thread 0x000001c16612e630 flushing  nmethod 0x000001c150803010
Event: 14.939 Thread 0x000001c16612e630 flushing  nmethod 0x000001c150806490
Event: 14.939 Thread 0x000001c16612e630 flushing  nmethod 0x000001c150808810
Event: 14.939 Thread 0x000001c16612e630 flushing  nmethod 0x000001c150808b90
Event: 14.939 Thread 0x000001c16612e630 flushing  nmethod 0x000001c150864b10
Event: 14.940 Thread 0x000001c16612e630 flushing  nmethod 0x000001c15087e110
Event: 19.230 Thread 0x000001c16612e630 flushing  nmethod 0x000001c157a66210
Event: 19.231 Thread 0x000001c16612e630 flushing  nmethod 0x000001c157be0b90
Event: 19.231 Thread 0x000001c16612e630 flushing  nmethod 0x000001c157bf7210
Event: 19.231 Thread 0x000001c16612e630 flushing  nmethod 0x000001c157d05010
Event: 19.231 Thread 0x000001c16612e630 flushing  nmethod 0x000001c157d27910
Event: 19.231 Thread 0x000001c16612e630 flushing  nmethod 0x000001c157d2c110
Event: 19.232 Thread 0x000001c16612e630 flushing  nmethod 0x000001c14fda9b10
Event: 19.232 Thread 0x000001c16612e630 flushing  nmethod 0x000001c14fdd6090
Event: 19.234 Thread 0x000001c16612e630 flushing  nmethod 0x000001c15015d290
Event: 19.236 Thread 0x000001c16612e630 flushing  nmethod 0x000001c1504c4e90
Event: 19.236 Thread 0x000001c16612e630 flushing  nmethod 0x000001c15051b010
Event: 19.236 Thread 0x000001c16612e630 flushing  nmethod 0x000001c150559290
Event: 19.237 Thread 0x000001c16612e630 flushing  nmethod 0x000001c1506e3c10

Events (20 events):
Event: 16.785 Thread 0x000001c146842c10 Thread added: 0x000001c166a9e230
Event: 16.786 Thread 0x000001c146842c10 Thread added: 0x000001c166a9ec50
Event: 17.550 Thread 0x000001c146842c10 Thread exited: 0x000001c146842c10
Event: 17.550 Thread 0x000001c166aa14d0 Thread added: 0x000001c166aa14d0
Event: 17.801 Thread 0x000001c16c670270 Thread exited: 0x000001c16c670270
Event: 19.053 Thread 0x000001c166126b30 Thread added: 0x000001c16f46c030
Event: 19.077 Thread 0x000001c166cc24c0 Thread added: 0x000001c166aa2400
Event: 19.805 Thread 0x000001c16f46c030 Thread exited: 0x000001c16f46c030
Event: 29.503 Thread 0x000001c16611e820 Thread added: 0x000001c16f46b590
Event: 30.827 Thread 0x000001c16f46b590 Thread exited: 0x000001c16f46b590
Event: 90.631 Thread 0x000001c166b133c0 Thread exited: 0x000001c166b133c0
Event: 105.629 Thread 0x000001c166aa2400 Thread exited: 0x000001c166aa2400
Event: 1367.185 Thread 0x000001c166d1ead0 Thread added: 0x000001c166aa2910
Event: 1367.186 Thread 0x000001c166aa2910 Thread added: 0x000001c166aa2e20
Event: 1372.195 Thread 0x000001c166aa2910 Thread exited: 0x000001c166aa2910
Event: 1372.242 Thread 0x000001c166aa2e20 Thread exited: 0x000001c166aa2e20
Event: 1372.415 Thread 0x000001c166d1ead0 Thread added: 0x000001c166aa19e0
Event: 1372.416 Thread 0x000001c166aa19e0 Thread added: 0x000001c166aa1ef0
Event: 1377.420 Thread 0x000001c166aa19e0 Thread exited: 0x000001c166aa19e0
Event: 1377.467 Thread 0x000001c166aa1ef0 Thread exited: 0x000001c166aa1ef0


Dynamic libraries:
0x00007ff60d380000 - 0x00007ff60d38e000 	C:\Users\riote\AppData\Roaming\Code\User\globalStorage\pleiades.java-extension-pack-jdk\java\17\bin\java.exe
0x00007ff87d320000 - 0x00007ff87d588000 	C:\WINDOWS\SYSTEM32\ntdll.dll
0x00007ff841d80000 - 0x00007ff841da0000 	C:\Program Files\Avast Software\Avast\aswhook.dll
0x00007ff87c050000 - 0x00007ff87c119000 	C:\WINDOWS\System32\KERNEL32.DLL
0x00007ff87a4b0000 - 0x00007ff87a8a2000 	C:\WINDOWS\System32\KERNELBASE.dll
0x00007ff87aa90000 - 0x00007ff87abdb000 	C:\WINDOWS\System32\ucrtbase.dll
0x00007ffff4700000 - 0x00007ffff471e000 	C:\Users\riote\AppData\Roaming\Code\User\globalStorage\pleiades.java-extension-pack-jdk\java\17\bin\VCRUNTIME140.dll
0x00007fffeeae0000 - 0x00007fffeeaf7000 	C:\Users\riote\AppData\Roaming\Code\User\globalStorage\pleiades.java-extension-pack-jdk\java\17\bin\jli.dll
0x00007ff87bd50000 - 0x00007ff87bf15000 	C:\WINDOWS\System32\USER32.dll
0x00007ff87ae80000 - 0x00007ff87aea7000 	C:\WINDOWS\System32\win32u.dll
0x00007ff85a770000 - 0x00007ff85aa03000 	C:\WINDOWS\WinSxS\amd64_microsoft.windows.common-controls_6595b64144ccf1df_6.0.26100.6899_none_3e0efeeae32e88c1\COMCTL32.dll
0x00007ff87ccb0000 - 0x00007ff87ccdb000 	C:\WINDOWS\System32\GDI32.dll
0x00007ff87a8b0000 - 0x00007ff87a9dd000 	C:\WINDOWS\System32\gdi32full.dll
0x00007ff87bba0000 - 0x00007ff87bc49000 	C:\WINDOWS\System32\msvcrt.dll
0x00007ff87a9e0000 - 0x00007ff87aa83000 	C:\WINDOWS\System32\msvcp_win.dll
0x00007ff87bd10000 - 0x00007ff87bd3f000 	C:\WINDOWS\System32\IMM32.DLL
0x00007ff82ddf0000 - 0x00007ff82ddfc000 	C:\Users\riote\AppData\Roaming\Code\User\globalStorage\pleiades.java-extension-pack-jdk\java\17\bin\vcruntime140_1.dll
0x00007fffb2f30000 - 0x00007fffb2fbd000 	C:\Users\riote\AppData\Roaming\Code\User\globalStorage\pleiades.java-extension-pack-jdk\java\17\bin\msvcp140.dll
0x00007fff924c0000 - 0x00007fff9312b000 	C:\Users\riote\AppData\Roaming\Code\User\globalStorage\pleiades.java-extension-pack-jdk\java\17\bin\server\jvm.dll
0x00007ff87bf20000 - 0x00007ff87bfd4000 	C:\WINDOWS\System32\ADVAPI32.dll
0x00007ff87bc60000 - 0x00007ff87bd06000 	C:\WINDOWS\System32\sechost.dll
0x00007ff87d140000 - 0x00007ff87d258000 	C:\WINDOWS\System32\RPCRT4.dll
0x00007ff87d0c0000 - 0x00007ff87d134000 	C:\WINDOWS\System32\WS2_32.dll
0x00007ff87a310000 - 0x00007ff87a36e000 	C:\WINDOWS\SYSTEM32\POWRPROF.dll
0x00007ff869740000 - 0x00007ff86974b000 	C:\WINDOWS\SYSTEM32\VERSION.dll
0x00007ff872fe0000 - 0x00007ff873015000 	C:\WINDOWS\SYSTEM32\WINMM.dll
0x00007ff87a2f0000 - 0x00007ff87a304000 	C:\WINDOWS\SYSTEM32\UMPDC.dll
0x00007ff879250000 - 0x00007ff87926b000 	C:\WINDOWS\SYSTEM32\kernel.appcore.dll
0x00007ff829680000 - 0x00007ff82968a000 	C:\Users\riote\AppData\Roaming\Code\User\globalStorage\pleiades.java-extension-pack-jdk\java\17\bin\jimage.dll
0x00007ff877b10000 - 0x00007ff877d52000 	C:\WINDOWS\SYSTEM32\DBGHELP.DLL
0x00007ff87c900000 - 0x00007ff87cc7b000 	C:\WINDOWS\System32\combase.dll
0x00007ff87bac0000 - 0x00007ff87bb97000 	C:\WINDOWS\System32\OLEAUT32.dll
0x00007ff869570000 - 0x00007ff8695ac000 	C:\WINDOWS\SYSTEM32\dbgcore.DLL
0x00007ff87abe0000 - 0x00007ff87ac78000 	C:\WINDOWS\System32\bcryptPrimitives.dll
0x00007fffdbc30000 - 0x00007fffdbc55000 	C:\Users\riote\AppData\Roaming\Code\User\globalStorage\pleiades.java-extension-pack-jdk\java\17\bin\java.dll
0x00007fffb2e50000 - 0x00007fffb2f27000 	C:\Users\riote\AppData\Roaming\Code\User\globalStorage\pleiades.java-extension-pack-jdk\java\17\bin\jsvml.dll
0x00007ff87b170000 - 0x00007ff87b8bd000 	C:\WINDOWS\System32\SHELL32.dll
0x00007ff87ad10000 - 0x00007ff87ae7b000 	C:\WINDOWS\System32\wintypes.dll
0x00007ff8780c0000 - 0x00007ff87891d000 	C:\WINDOWS\SYSTEM32\windows.storage.dll
0x00007ff87b9c0000 - 0x00007ff87bab2000 	C:\WINDOWS\System32\SHCORE.dll
0x00007ff87c840000 - 0x00007ff87c8a2000 	C:\WINDOWS\System32\shlwapi.dll
0x00007ff87a3d0000 - 0x00007ff87a3f9000 	C:\WINDOWS\SYSTEM32\profapi.dll
0x00007fffda6d0000 - 0x00007fffda6e9000 	C:\Users\riote\AppData\Roaming\Code\User\globalStorage\pleiades.java-extension-pack-jdk\java\17\bin\net.dll
0x00007ff86cda0000 - 0x00007ff86cebf000 	C:\WINDOWS\SYSTEM32\WINHTTP.dll
0x00007ff8797a0000 - 0x00007ff87980b000 	C:\WINDOWS\system32\mswsock.dll
0x00007fffda470000 - 0x00007fffda486000 	C:\Users\riote\AppData\Roaming\Code\User\globalStorage\pleiades.java-extension-pack-jdk\java\17\bin\nio.dll
0x00007fffd6e40000 - 0x00007fffd6e58000 	C:\Users\riote\AppData\Roaming\Code\User\globalStorage\pleiades.java-extension-pack-jdk\java\17\bin\zip.dll
0x00007ff829310000 - 0x00007ff82931a000 	C:\Users\riote\AppData\Roaming\Code\User\globalStorage\pleiades.java-extension-pack-jdk\java\17\bin\management.dll
0x00007ff8292e0000 - 0x00007ff8292eb000 	C:\Users\riote\AppData\Roaming\Code\User\globalStorage\pleiades.java-extension-pack-jdk\java\17\bin\management_ext.dll
0x00007ff87bc50000 - 0x00007ff87bc58000 	C:\WINDOWS\System32\PSAPI.DLL
0x00007ff856e00000 - 0x00007ff856e18000 	C:\WINDOWS\system32\napinsp.dll
0x00007ff878dd0000 - 0x00007ff878ef6000 	C:\WINDOWS\SYSTEM32\DNSAPI.dll
0x00007ff878cf0000 - 0x00007ff878d24000 	C:\WINDOWS\SYSTEM32\IPHLPAPI.DLL
0x00007ff87d0b0000 - 0x00007ff87d0ba000 	C:\WINDOWS\System32\NSI.dll
0x00007ff856de0000 - 0x00007ff856df2000 	C:\WINDOWS\System32\winrnr.dll
0x00007ff856db0000 - 0x00007ff856dd8000 	C:\WINDOWS\system32\nlansp_c.dll
0x00007ff86a6a0000 - 0x00007ff86a6b6000 	C:\WINDOWS\system32\wshbth.dll
0x00007ff86d4e0000 - 0x00007ff86d4eb000 	C:\Windows\System32\rasadhlp.dll
0x00007ff86d410000 - 0x00007ff86d496000 	C:\WINDOWS\System32\fwpuclnt.dll
0x00007ff879a10000 - 0x00007ff879a2b000 	C:\WINDOWS\SYSTEM32\CRYPTSP.dll
0x00007ff8791b0000 - 0x00007ff8791eb000 	C:\WINDOWS\system32\rsaenh.dll
0x00007ff879840000 - 0x00007ff87986b000 	C:\WINDOWS\SYSTEM32\USERENV.dll
0x00007ff87a3a0000 - 0x00007ff87a3c6000 	C:\WINDOWS\SYSTEM32\bcrypt.dll
0x00007ff879a30000 - 0x00007ff879a3c000 	C:\WINDOWS\SYSTEM32\CRYPTBASE.dll
0x00007ff86d3e0000 - 0x00007ff86d3fe000 	C:\WINDOWS\SYSTEM32\dhcpcsvc6.DLL
0x00007ff86d3b0000 - 0x00007ff86d3d3000 	C:\WINDOWS\SYSTEM32\dhcpcsvc.DLL
0x00007ff828c70000 - 0x00007ff828c79000 	C:\Users\riote\AppData\Roaming\Code\User\globalStorage\pleiades.java-extension-pack-jdk\java\17\bin\extnet.dll
0x00007ff827d30000 - 0x00007ff827d3e000 	C:\Users\riote\AppData\Roaming\Code\User\globalStorage\pleiades.java-extension-pack-jdk\java\17\bin\sunmscapi.dll
0x00007ff87aeb0000 - 0x00007ff87b027000 	C:\WINDOWS\System32\CRYPT32.dll
0x00007ff879cc0000 - 0x00007ff879cf0000 	C:\WINDOWS\SYSTEM32\ncrypt.dll
0x00007ff879c70000 - 0x00007ff879caf000 	C:\WINDOWS\SYSTEM32\NTASN1.dll
0x00007ff827660000 - 0x00007ff827670000 	C:\Users\riote\AppData\Roaming\Code\User\globalStorage\pleiades.java-extension-pack-jdk\java\17\bin\verify.dll
0x00007ff847cd0000 - 0x00007ff847cd8000 	C:\WINDOWS\system32\wshunix.dll

dbghelp: loaded successfully - version: 4.0.5 - missing functions: none
symbol engine: initialized successfully - sym options: 0x614 - pdb path: .;C:\Users\riote\AppData\Roaming\Code\User\globalStorage\pleiades.java-extension-pack-jdk\java\17\bin;C:\WINDOWS\SYSTEM32;C:\Program Files\Avast Software\Avast;C:\WINDOWS\WinSxS\amd64_microsoft.windows.common-controls_6595b64144ccf1df_6.0.26100.6899_none_3e0efeeae32e88c1;C:\Users\riote\AppData\Roaming\Code\User\globalStorage\pleiades.java-extension-pack-jdk\java\17\bin\server

VM Arguments:
jvm_args: -Dcom.sun.management.jmxremote -Dcom.sun.management.jmxremote.port=57253 -Dcom.sun.management.jmxremote.authenticate=false -Dcom.sun.management.jmxremote.ssl=false -Dspring.jmx.enabled=true -Djava.rmi.server.hostname=localhost -Dspring.application.admin.enabled=true -Dspring.boot.project.name=Hotel-booking -XX:+ShowCodeDetailsInExceptionMessages -Dmanagement.endpoints.jmx.exposure.include=* 
java_command: com.example.hotel.HotelBookingApplication
java_class_path (initial): C:\Users\riote\Downloads\Hotel-booking (1)\Hotel-booking\target\classes;C:\Users\riote\.m2\repository\org\springframework\boot\spring-boot-starter-actuator\3.5.6\spring-boot-starter-actuator-3.5.6.jar;C:\Users\riote\.m2\repository\org\springframework\boot\spring-boot-starter\3.5.6\spring-boot-starter-3.5.6.jar;C:\Users\riote\.m2\repository\org\springframework\boot\spring-boot\3.5.6\spring-boot-3.5.6.jar;C:\Users\riote\.m2\repository\org\springframework\boot\spring-boot-autoconfigure\3.5.6\spring-boot-autoconfigure-3.5.6.jar;C:\Users\riote\.m2\repository\org\springframework\boot\spring-boot-starter-logging\3.5.6\spring-boot-starter-logging-3.5.6.jar;C:\Users\riote\.m2\repository\ch\qos\logback\logback-classic\1.5.18\logback-classic-1.5.18.jar;C:\Users\riote\.m2\repository\ch\qos\logback\logback-core\1.5.18\logback-core-1.5.18.jar;C:\Users\riote\.m2\repository\org\apache\logging\log4j\log4j-to-slf4j\2.24.3\log4j-to-slf4j-2.24.3.jar;C:\Users\riote\.m2\repository\org\apache\logging\log4j\log4j-api\2.24.3\log4j-api-2.24.3.jar;C:\Users\riote\.m2\repository\org\slf4j\jul-to-slf4j\2.0.17\jul-to-slf4j-2.0.17.jar;C:\Users\riote\.m2\repository\jakarta\annotation\jakarta.annotation-api\2.1.1\jakarta.annotation-api-2.1.1.jar;C:\Users\riote\.m2\repository\org\yaml\snakeyaml\2.4\snakeyaml-2.4.jar;C:\Users\riote\.m2\repository\org\springframework\boot\spring-boot-actuator-autoconfigure\3.5.6\spring-boot-actuator-autoconfigure-3.5.6.jar;C:\Users\riote\.m2\repository\org\springframework\boot\spring-boot-actuator\3.5.6\spring-boot-actuator-3.5.6.jar;C:\Users\riote\.m2\repository\com\fasterxml\jackson\datatype\jackson-datatype-jsr310\2.19.2\jackson-datatype-jsr310-2.19.2.jar;C:\Users\riote\.m2\repository\io\micrometer\micrometer-observation\1.15.4\micrometer-observation-1.15.4.jar;C:\Users\riote\.m2\repository\io\micrometer\micrometer-commons\1.15.4\micrometer-commons-1.15.4.jar;C:\Users\riote\.m2\repository\io\micrometer\micrometer-jakarta9\1.15.4\micromet
Launcher Type: SUN_STANDARD

[Global flags]
     intx CICompilerCount                          = 3                                         {product} {ergonomic}
     uint ConcGCThreads                            = 1                                         {product} {ergonomic}
     uint G1ConcRefinementThreads                  = 4                                         {product} {ergonomic}
   size_t G1HeapRegionSize                         = 1048576                                   {product} {ergonomic}
    uintx GCDrainStackTargetSize                   = 64                                        {product} {ergonomic}
   size_t InitialHeapSize                          = 130023424                                 {product} {ergonomic}
     bool ManagementServer                         = true                                      {product} {command line}
   size_t MarkStackSize                            = 4194304                                   {product} {ergonomic}
   size_t MaxHeapSize                              = 2080374784                                {product} {ergonomic}
   size_t MaxNewSize                               = 1247805440                                {product} {ergonomic}
   size_t MinHeapDeltaBytes                        = 1048576                                   {product} {ergonomic}
   size_t MinHeapSize                              = 8388608                                   {product} {ergonomic}
    uintx NonNMethodCodeHeapSize                   = 5832780                                {pd product} {ergonomic}
    uintx NonProfiledCodeHeapSize                  = 122912730                              {pd product} {ergonomic}
    uintx ProfiledCodeHeapSize                     = 122912730                              {pd product} {ergonomic}
    uintx ReservedCodeCacheSize                    = 251658240                              {pd product} {ergonomic}
     bool SegmentedCodeCache                       = true                                      {product} {ergonomic}
     bool ShowCodeDetailsInExceptionMessages       = true                                   {manageable} {command line}
   size_t SoftMaxHeapSize                          = 2080374784                             {manageable} {ergonomic}
     bool UseCompressedClassPointers               = true                           {product lp64_product} {ergonomic}
     bool UseCompressedOops                        = true                           {product lp64_product} {ergonomic}
     bool UseG1GC                                  = true                                      {product} {ergonomic}
     bool UseLargePagesIndividualAllocation        = false                                  {pd product} {ergonomic}

Logging:
Log output configuration:
 #0: stdout all=warning uptime,level,tags
 #1: stderr all=off uptime,level,tags

Environment Variables:
JAVA_HOME=C:\Users\riote\AppData\Roaming\Code\User\globalStorage\pleiades.java-extension-pack-jdk\java\latest
PATH=C:\Users\riote\AppData\Roaming\Code\User\globalStorage\pleiades.java-extension-pack-jdk\gradle\latest\bin;C:\Users\riote\AppData\Roaming\Code\User\globalStorage\pleiades.java-extension-pack-jdk\maven\latest\bin;C:\Users\riote\AppData\Roaming\Code\User\globalStorage\pleiades.java-extension-pack-jdk\java\latest\bin;C:\Program Files\Common Files\Oracle\Java\javapath;C:\WINDOWS\system32;C:\WINDOWS;C:\WINDOWS\System32\Wbem;C:\WINDOWS\System32\WindowsPowerShell\v1.0\;C:\WINDOWS\System32\OpenSSH\;C:\Program Files\Microsoft SQL Server\150\Tools\Binn\;C:\Program Files\Java\jdk-20\bin;C:\xampp\php;C:\Program Files\Microsoft SQL Server\Client SDK\ODBC\170\Tools\Binn\;C:\Program Files (x86)\Microsoft SQL Server\160\Tools\Binn\;C:\Program Files\Microsoft SQL Server\160\Tools\Binn\;C:\Program Files\Microsoft SQL Server\160\DTS\Binn\;C:\Program Files (x86)\Microsoft SQL Server\160\DTS\Binn\;C:\Program Files\nodejs\;C:\Program Files\MongoDB\Server\8.0\bin;C:\Program Files\MySQL\MySQL Utilities 1.6\;C:\Program Files (x86)\PowerShell\7\;C:\Program Files (x86)\Maven\apache-maven-3.9.11\bin;C:\Program Files\Eclipse Adoptium\jdk-21\bin;C:\Program Files\Common Files\Oracle\Java\javapath;C:\WINDOWS\system32;C:\WINDOWS;C:\WINDOWS\System32\Wbem;C:\WINDOWS\System32\WindowsPowerShell\v1.0\;C:\WINDOWS\System32\OpenSSH\;C:\Program Files\Microsoft SQL Server\150\Tools\Binn\;C:\Program Files\Java\jdk-20\bin;C:\xampp\php;C:\Program Files\Microsoft SQL Server\Client SDK\ODBC\170\Tools\Binn\;C:\Program Files (x86)\Microsoft SQL Server\160\Tools\Binn\;C:\Program Files\Microsoft SQL Server\160\Tools\Binn\;C:\Program Files\Microsoft SQL Server\160\DTS\Binn\;C:\Program Files (x86)\Microsoft SQL Server\160\DTS\Binn\;C:\Program Files\nodejs\;C:\Program Files\MongoDB\Server\8.0\bin;C:\Program Files\MySQL\MySQL Utilities 1.6\;C:\Program Files (x86)\PowerShell\7\;C:\Program Files (x86)\Maven\apache-maven-3.9.11\bin;C:\Program Files (x86)\apache-maven-3.9.11\bin\bin;C:\Users\riote\AppData\Local\Programs\Windsurf\bin
USERNAME=riote
LANG=en_US.UTF-8
OS=Windows_NT
PROCESSOR_IDENTIFIER=Intel64 Family 6 Model 140 Stepping 2, GenuineIntel
TMP=C:\Users\riote\AppData\Local\Temp
TEMP=C:\Users\riote\AppData\Local\Temp



Periodic native trim disabled


---------------  S Y S T E M  ---------------

OS:
 Windows 11 , 64 bit Build 26100 (10.0.26100.6725)
OS uptime: 0 days 21:49 hours
Hyper-V role detected

CPU: total 4 (initial active 4) (2 cores per cpu, 2 threads per core) family 6 model 140 stepping 2 microcode 0x22, cx8, cmov, fxsr, ht, mmx, 3dnowpref, sse, sse2, sse3, ssse3, sse4.1, sse4.2, popcnt, lzcnt, tsc, tscinvbit, avx, avx2, aes, erms, clmul, bmi1, bmi2, adx, avx512f, avx512dq, avx512cd, avx512bw, avx512vl, sha, fma, vzeroupper, avx512_vpopcntdq, avx512_vpclmulqdq, avx512_vaes, avx512_vnni, clflush, clflushopt, clwb, avx512_vbmi2, avx512_vbmi, hv
Processor Information for all 4 processors :
  Max Mhz: 2995, Current Mhz: 2995, Mhz Limit: 2995

Memory: 4k page, system-wide physical 7934M (990M free)
TotalPageFile size 15483M (AvailPageFile size 12M)
current process WorkingSet (physical memory assigned to process): 90M, peak: 604M
current process commit charge ("private bytes"): 613M, peak: 681M

vm_info: OpenJDK 64-Bit Server VM (17.0.16+8) for windows-amd64 JRE (17.0.16+8), built on Jul 16 2025 10:37:56 by "admin" with MS VC++ 17.7 (VS2022)

END.
